gene	source
CYP2D6	DGIdb
PPARG	DGIdb
ATAD5	DGIdb
RGS4	DGIdb
MAPK1	DGIdb
AGTR1	DGIdb
KDR	DGIdb
PARP1	DGIdb
NUDT2	DGIdb
DTNB	DGIdb
F10	DGIdb
RYR3	DGIdb
KIT	DGIdb
CCL4	DGIdb
CSF2	DGIdb
BAZ2B	DGIdb
JUN	DGIdb
EHMT2	DGIdb
CSNK2A3	DGIdb
ADRB1	DGIdb
SCN10A	DGIdb
AQP1	DGIdb
FGFR3	DGIdb
ADRB3	DGIdb
PLG	DGIdb
KCND3	DGIdb
RPL28	DGIdb
ESR1	DGIdb
POLK	DGIdb
GPR55	DGIdb
HIF1A	DGIdb
DRD2	DGIdb
ANXA2P1	DGIdb
PRMT1	DGIdb
FGFR1	DGIdb
HDAC9	DGIdb
NR3C1	DGIdb
RAB40B	DGIdb
CACNA1D	DGIdb
NR1H4	DGIdb
SMAD3	DGIdb
CSF1R	DGIdb
CAMK2D	DGIdb
IL6R	DGIdb
RPS6KB1	DGIdb
HIPK4	DGIdb
NSD2	DGIdb
CYP2C9	DGIdb
PTGS1	DGIdb
AQP3	DGIdb
AVPR1A	DGIdb
HMGCR	DGIdb
KDM4A	DGIdb
CD274	DGIdb
GCNT2	DGIdb
PAK4	DGIdb
ERBB2	DGIdb
ASAH1	DGIdb
GRIN2D	DGIdb
EDN1	DGIdb
KLK3	DGIdb
LEP	DGIdb
KAT2A	DGIdb
RAD52	DGIdb
PPARD	DGIdb
CRHR2	DGIdb
GABRP	DGIdb
CD8B	DGIdb
MAP2K2	DGIdb
FPR1	DGIdb
CFTR	DGIdb
PTK2B	DGIdb
C10ORF67	DGIdb
MAP2K1	DGIdb
GLP1R	DGIdb
PIK3R6	DGIdb
RARG	DGIdb
BTK	DGIdb
IGF1R	DGIdb
MDM2	DGIdb
TERT	DGIdb
EGFR	DGIdb
ALK	DGIdb
FEN1	DGIdb
SMN2	DGIdb
CYP3A4	DGIdb
CTRB1	DGIdb
CCR3	DGIdb
SLC10A2	DGIdb
VWF	DGIdb
MAPK12	DGIdb
TUBA1B	DGIdb
CACNA1H	DGIdb
ANGPT2	DGIdb
HRAS	DGIdb
MRPL36	DGIdb
ATXN2	DGIdb
CYP1A2	DGIdb
ADRA1D	DGIdb
COX8A	DGIdb
ADRA1A	DGIdb
CD4	DGIdb
USP1	DGIdb
CHKA	DGIdb
GABRG1	DGIdb
SLC25A6	DGIdb
APLP1	DGIdb
NCSTN	DGIdb
IL6	DGIdb
VDR	DGIdb
MAPT	DGIdb
PLCG2	DGIdb
ITGB5	DGIdb
ABL2	DGIdb
RND3	DGIdb
CXCL12	DGIdb
GATA3	DGIdb
GABRE	DGIdb
SOD2	DGIdb
ADRB2	DGIdb
FYN	DGIdb
ADRA2A	DGIdb
CHRM1	DGIdb
YWHAE	DGIdb
AZF1	DGIdb
CXCR4	DGIdb
HTR2B	DGIdb
CD8B2	DGIdb
NATP	DGIdb
AADAC	DGIdb
BBS1	DGIdb
ABCC6	DGIdb
TAC1	DGIdb
HTR1A	DGIdb
RPL35	DGIdb
KCNH2	DGIdb
ALOX15	DGIdb
A12M3	DGIdb
CDK20	DGIdb
GABRR2	DGIdb
GABRA2	DGIdb
GCNT1	DGIdb
BRAF	DGIdb
MAOA	DGIdb
OPRK1	DGIdb
NFKB1	DGIdb
LPAR1	DGIdb
PDGFRB	DGIdb
GUCA2A	DGIdb
HTR1D	DGIdb
ABCC1	DGIdb
A12M4	DGIdb
KCNQ1	DGIdb
TRDMT1	DGIdb
APAF1	DGIdb
RPS10	DGIdb
DNER	DGIdb
ABCA2	DGIdb
SLCO1B3	DGIdb
HSP90B2P	DGIdb
ARSL	DGIdb
ADRA1B	DGIdb
ELAVL2	DGIdb
BNIP3	DGIdb
BARD1	DGIdb
AR	DGIdb
MET	DGIdb
TYRO3	DGIdb
MAPK11	DGIdb
TGM2	DGIdb
MMP2	DGIdb
HRH1	DGIdb
A1BG	DGIdb
GATM	DGIdb
BTNL1	DGIdb
TUBB6	DGIdb
DLL4	DGIdb
TNIK	DGIdb
PSMA2	DGIdb
NR3C2	DGIdb
ITGA2B	DGIdb
PRKACA	DGIdb
TOP2A	DGIdb
DDIT3	DGIdb
SLC6A4	DGIdb
SLC23A1	DGIdb
CHRM4	DGIdb
PTEN	DGIdb
NFE2L2	DGIdb
GRIA1	DGIdb
IMPDH2	DGIdb
NMUR2	DGIdb
HCN4	DGIdb
CYP2C19	DGIdb
TNF	DGIdb
SYK	DGIdb
KCNJ11	DGIdb
RPSA	DGIdb
CHRNB2	DGIdb
DHCR24	DGIdb
USP2	DGIdb
BLM	DGIdb
APOB	DGIdb
OSM	DGIdb
HSD17B10	DGIdb
YES1	DGIdb
GRIK2	DGIdb
HSD3B1	DGIdb
FOS	DGIdb
ABR	DGIdb
DHFR	DGIdb
GABRA5	DGIdb
KEAP1	DGIdb
IFNL3	DGIdb
GPC3	DGIdb
CXCL8	DGIdb
HSP90AA1	DGIdb
PIK3R5	DGIdb
SFTPA1	DGIdb
DCR	DGIdb
GBA1	DGIdb
PIK3CA	DGIdb
CAV1	DGIdb
ADM	DGIdb
TSHR	DGIdb
SIRT3	DGIdb
BDNF	DGIdb
PTAFR	DGIdb
GHSR	DGIdb
MUC1	DGIdb
IDH1	DGIdb
NQO1	DGIdb
PARP2	DGIdb
HPGD	DGIdb
H2AZ1	DGIdb
IL13	DGIdb
NOS2	DGIdb
G6PD	DGIdb
CACNG7	DGIdb
SSTR5	DGIdb
FLT4	DGIdb
TUBB4B	DGIdb
CTSC	DGIdb
CYP3A5	DGIdb
DPH1	DGIdb
ADGRL3	DGIdb
CDKN2A	DGIdb
MTOR	DGIdb
FMO3	DGIdb
ABCA3	DGIdb
KLF5	DGIdb
DXO	DGIdb
FRA5D	DGIdb
CBLN1	DGIdb
CASP7	DGIdb
ADCYAP1	DGIdb
NRAS	DGIdb
KRAS	DGIdb
APOF	DGIdb
DRD3	DGIdb
A12M1	DGIdb
CSTF3	DGIdb
DPYS	DGIdb
RRM1	DGIdb
GRIN2C	DGIdb
GABRQ	DGIdb
BCL2	DGIdb
SLC29A1	DGIdb
F2R	DGIdb
GRIN1	DGIdb
GRIN3A	DGIdb
GAPDH	DGIdb
RACGAP1	DGIdb
TUBB8	DGIdb
JAK1	DGIdb
MAOB	DGIdb
EEF1D	DGIdb
IL23A	DGIdb
HSP90AB1	DGIdb
TOP1	DGIdb
C4BPAP2	DGIdb
CHRM5	DGIdb
FRA1L	DGIdb
CBX1	DGIdb
FANCC	DGIdb
GMNN	DGIdb
EYA4	DGIdb
SIRT1	DGIdb
KCNN2	DGIdb
GABRD	DGIdb
ALDH2	DGIdb
RAB9A	DGIdb
EFR3A	DGIdb
WBP2NL	DGIdb
MITF	DGIdb
MSTN	DGIdb
CACNB1	DGIdb
GNRHR	DGIdb
KDM4C	DGIdb
HSPB1	DGIdb
P2RY12	DGIdb
ABL1	DGIdb
BBS4	DGIdb
STAT3	DGIdb
CTAA1	DGIdb
A2MP1	DGIdb
GRIA3	DGIdb
AQP8	DGIdb
HTR3D	DGIdb
BRCA1	DGIdb
CHRM2	DGIdb
CCR2	DGIdb
DPYD	DGIdb
PRKD2	DGIdb
PIK3C2A	DGIdb
APOE	DGIdb
DPEP1	DGIdb
CACNA1C	DGIdb
RXRG	DGIdb
ACACA	DGIdb
HDAC8	DGIdb
F5	DGIdb
IDH2	DGIdb
INSR	DGIdb
SLC6A2	DGIdb
GABRG2	DGIdb
RELA	DGIdb
TUBB2B	DGIdb
CCL21	DGIdb
GFAP	DGIdb
PDE4A	DGIdb
SLC26A2	DGIdb
FGFR2	DGIdb
AURKC	DGIdb
RAPGEF3	DGIdb
GABRG3	DGIdb
OPRM1	DGIdb
CD40LG	DGIdb
TFAP2A	DGIdb
FAM178B	DGIdb
IL2RG	DGIdb
FSHR	DGIdb
OPRD1	DGIdb
ARSA	DGIdb
BIRC5	DGIdb
AOC1	DGIdb
ALB	DGIdb
ABCA4	DGIdb
RECQL	DGIdb
PIK3CG	DGIdb
CYP27A1	DGIdb
GDNF	DGIdb
POLH	DGIdb
ADCYAP1R1	DGIdb
TSPO	DGIdb
MUC16	DGIdb
ABCA1	DGIdb
CA9	DGIdb
SCN7A	DGIdb
CPT1B	DGIdb
ZNF816	DGIdb
TBXAS1	DGIdb
MAPK10	DGIdb
FMO2	DGIdb
TYK2	DGIdb
SENP8	DGIdb
RXRA	DGIdb
MGMT	DGIdb
ABCB1	DGIdb
STRBP	DGIdb
PIK3C3	DGIdb
ANK3	DGIdb
SSTR3	DGIdb
TP53	DGIdb
TUBB3	DGIdb
AMD1	DGIdb
APBB1	DGIdb
DRD1	DGIdb
TUBA1C	DGIdb
PRKAA1	DGIdb
ALCAM	DGIdb
CA2	DGIdb
ACTG1	DGIdb
TUBA1A	DGIdb
C9	DGIdb
GABRA6	DGIdb
POLB	DGIdb
SMN1	DGIdb
GLS	DGIdb
SLC25A4	DGIdb
DCC	DGIdb
HSP90AA2P	DGIdb
PRKCG	DGIdb
PTGIR	DGIdb
DCK	DGIdb
AMY1C	DGIdb
EEF1G	DGIdb
CDH13	DGIdb
TUBA4A	DGIdb
FRA2G	DGIdb
ARAF	DGIdb
ABCG1	DGIdb
CDC7	DGIdb
MTHFR	DGIdb
PTPRC	DGIdb
GABRA1	DGIdb
IL1B	DGIdb
TUBA3C	DGIdb
RIPK1	DGIdb
SCN11A	DGIdb
HPRT1	DGIdb
C1QA	DGIdb
ABCB7	DGIdb
ACVR1	DGIdb
AURKB	DGIdb
PTK2	DGIdb
PIK3CD	DGIdb
SHROOM2	DGIdb
ANXA4	DGIdb
NR1D1	DGIdb
CDK8	DGIdb
SCGB1A1	DGIdb
AXL	DGIdb
ATP3	DGIdb
PGR	DGIdb
TG	DGIdb
PALB2	DGIdb
PLA2G1B	DGIdb
KIR2DL2	DGIdb
PPARA	DGIdb
IL12B	DGIdb
DPP6	DGIdb
RPE65	DGIdb
DMP1	DGIdb
CCND1	DGIdb
PRKCB	DGIdb
CYCSP5	DGIdb
GFER	DGIdb
A2M	DGIdb
TUBA3E	DGIdb
APEX1	DGIdb
POLI	DGIdb
ERVW-4	DGIdb
CLK4	DGIdb
KCNH3	DGIdb
AREG	DGIdb
FFAR3	DGIdb
ANOP1	DGIdb
ANK2	DGIdb
SCN9A	DGIdb
TUBB	DGIdb
COMT	DGIdb
APBB2	DGIdb
CBL	DGIdb
ACAT1	DGIdb
CASP6	DGIdb
ACACB	DGIdb
ADAMTSL4-AS1	DGIdb
PIK3R3	DGIdb
TRHR	DGIdb
FOLR1	DGIdb
CDK4	DGIdb
GART	DGIdb
COL10A1	DGIdb
CDK1	DGIdb
IFNAR1	DGIdb
NNMT	DGIdb
CXCR1	DGIdb
CACNA1F	DGIdb
TGFB2	DGIdb
FRA5B	DGIdb
AMY2A	DGIdb
HLA-DRB3	DGIdb
MAPK8	DGIdb
ALPI	DGIdb
HOXA7	DGIdb
NAT2	DGIdb
HTR2C	DGIdb
PSENEN	DGIdb
NPC1	DGIdb
POLE2	DGIdb
FAS	DGIdb
ALPL	DGIdb
ARF5	DGIdb
SLC13A5	DGIdb
GRIK1	DGIdb
CP	DGIdb
SMAD4	DGIdb
NTRK1	DGIdb
ALOX12P2	DGIdb
UGT1A4	DGIdb
MPO	DGIdb
XDH	DGIdb
SCN1A	DGIdb
GABRB2	DGIdb
AMH	DGIdb
GRK3	DGIdb
APOC1	DGIdb
EPHB3	DGIdb
COL16A1	DGIdb
FRA11E	DGIdb
BCL7A	DGIdb
CIC	DGIdb
NR1H3	DGIdb
CYP2A6	DGIdb
NME2	DGIdb
TACR1	DGIdb
APOBEC3A	DGIdb
IL2	DGIdb
SCN2A	DGIdb
SRMS	DGIdb
AZF2	DGIdb
MAP3K9	DGIdb
HP	DGIdb
MPST	DGIdb
CSNK1G3	DGIdb
PIK3R2	DGIdb
IL2RA	DGIdb
RUNX1	DGIdb
MYO9B	DGIdb
MPHOSPH8	DGIdb
ALDH3A2	DGIdb
CXCR5	DGIdb
SLC22A11	DGIdb
NR1I2	DGIdb
SPSB2	DGIdb
CACNG5	DGIdb
CUL4A	DGIdb
FZD6	DGIdb
ANXA1	DGIdb
ALOX5	DGIdb
STAT1	DGIdb
FRA20B	DGIdb
LCK	DGIdb
GRM5	DGIdb
HTR2A	DGIdb
IFNL4	DGIdb
CDK6	DGIdb
HGF	DGIdb
FCGRT	DGIdb
CDH16	DGIdb
APOD	DGIdb
RBX1	DGIdb
H4C16	DGIdb
GSK3A	DGIdb
ALDH1A1	DGIdb
ADORA3	DGIdb
EYA1	DGIdb
RAD54L	DGIdb
CTNND1	DGIdb
SLCO2B1	DGIdb
CDKN1B	DGIdb
CDC25C	DGIdb
SCN5A	DGIdb
HDAC10	DGIdb
HDAC2	DGIdb
CHI3L2	DGIdb
GABRR1	DGIdb
CDK5	DGIdb
DR1	DGIdb
FANCG	DGIdb
MTRR	DGIdb
NTRK2	DGIdb
CACNG3	DGIdb
ARCN1	DGIdb
EFNA4	DGIdb
APH1A	DGIdb
PBRM1	DGIdb
BACE1	DGIdb
E2F1	DGIdb
MS4A1	DGIdb
CASP3	DGIdb
IL4	DGIdb
AHR	DGIdb
MAPK3	DGIdb
EIF4G1	DGIdb
ATF4P1	DGIdb
COL9A2	DGIdb
AANAT	DGIdb
RXFP2	DGIdb
IL17A	DGIdb
CHRNA7	DGIdb
ACTA1	DGIdb
FTH1P4	DGIdb
FCER1A	DGIdb
SAE1	DGIdb
CDKN1A	DGIdb
FAAH	DGIdb
CHRM3	DGIdb
ATR	DGIdb
F7	DGIdb
RPS6KA3	DGIdb
AIFM1	DGIdb
MARCKSL1	DGIdb
CHAT	DGIdb
CACNA1G	DGIdb
EFNA3	DGIdb
PRKCA	DGIdb
ADH1C	DGIdb
LGALS8	DGIdb
PLAU	DGIdb
TSHB	DGIdb
FKBP1A	DGIdb
BRCA2	DGIdb
HTR4	DGIdb
MKNK1	DGIdb
GNAQ	DGIdb
GNA11	DGIdb
ITGB1	DGIdb
KMT2A	DGIdb
NF1	DGIdb
LRP1B	DGIdb
STK11	DGIdb
EDNRA	DGIdb
TSC1	DGIdb
SLC12A3	DGIdb
SLC12A1	DGIdb
NULL	DGIdb
SLC5A2	DGIdb
CA4	DGIdb
GLP2R	DGIdb
TUBB2A	DGIdb
ALDH1B1	DGIdb
GRIN2B	DGIdb
GRIN2A	DGIdb
ADRA2C	DGIdb
CACNA1S	DGIdb
ARVD3	DGIdb
JAK2	DGIdb
COL6A3	DGIdb
COL4A4	DGIdb
MARK4	DGIdb
COL5A3	DGIdb
GABRA4	DGIdb
GABRA3	DGIdb
CACNA1E	DGIdb
CACNA1A	DGIdb
CACNA2D4	DGIdb
SCN4A	DGIdb
SCN8A	DGIdb
SCN3A	DGIdb
ADRA2B	DGIdb
MME	DGIdb
PDE4B	DGIdb
PSMB5	DGIdb
ADORA2B	DGIdb
PSMA6	DGIdb
PSMA5	DGIdb
HDAC6	DGIdb
PIK3CB	DGIdb
HDAC3	DGIdb
PRKACG	DGIdb
AKT3	DGIdb
PRKCH	DGIdb
FLT3	DGIdb
PIK3R1	DGIdb
FZD2	DGIdb
MLNR	DGIdb
FZD1	DGIdb
PLK4	DGIdb
PRKCZ	DGIdb
MAPK14	DGIdb
PRKD3	DGIdb
HCRTR2	DGIdb
SLC22A8	DGIdb
CNR1	DGIdb
CACNA1B	DGIdb
KCNA4	DGIdb
KCNC4	DGIdb
KCNQ5	DGIdb
KCNQ4	DGIdb
MMP12	DGIdb
CHRNA4	DGIdb
NGF	DGIdb
ERBB3	DGIdb
CD33	DGIdb
HTR6	DGIdb
TUBB1	DGIdb
KIF11	DGIdb
ERVK-20	DGIdb
GABRB3	DGIdb
CACNA2D1	DGIdb
CACNB4	DGIdb
CACNG4	DGIdb
CACNG8	DGIdb
HTR7	DGIdb
CD22	DGIdb
TNFRSF10B	DGIdb
FOLH1	DGIdb
HTR3C	DGIdb
CD44	DGIdb
SLAMF7	DGIdb
IRAK4	DGIdb
GUCY1B2	DGIdb
GRM3	DGIdb
TTR	DGIdb
BLOC1S6	DGIdb
ASGR1	DGIdb
GUCY1B1	DGIdb
LTA4H	DGIdb
ICOS	DGIdb
CD40	DGIdb
NPR2	DGIdb
TGFA	DGIdb
CTNNB1	DGIdb
MMP3	DGIdb
IL18R1	DGIdb
EEF2	DGIdb
IL10RB	DGIdb
S1PR2	DGIdb
CCND2	DGIdb
CCND3	DGIdb
AKT2	DGIdb
ELAVL1	DGIdb
IL12A	DGIdb
SERPINC1	DGIdb
PLK1	DGIdb
AQP9	DGIdb
SRC	DGIdb
OPRL1	DGIdb
KDM4E	DGIdb
NR1H2	DGIdb
MPI	DGIdb
NTRK3	DGIdb
SSTR1	DGIdb
GAA	DGIdb
ABCG2	DGIdb
MEN1	DGIdb
ABCC2	DGIdb
DNMT1	DGIdb
NCOA3	DGIdb
BCL2L1	DGIdb
AKR1C3	DGIdb
GALR3	DGIdb
GC	DGIdb
MINK1	DGIdb
BRD3	DGIdb
APOBEC3G	DGIdb
XBP1	DGIdb
PRKCE	DGIdb
HTT	DGIdb
TRPA1	DGIdb
L3MBTL1	DGIdb
STK3	DGIdb
KLRD1	DGIdb
CTDSP1	DGIdb
MAPK13	DGIdb
BLK	DGIdb
DUSP3	DGIdb
TUBB4A	DGIdb
TDP1	DGIdb
ERAP1	DGIdb
AKT1	DGIdb
CDC42BPA	DGIdb
CAMKK2	DGIdb
MT-RNR1	DGIdb
RET	DGIdb
FRK	DGIdb
PRKCQ	DGIdb
SUMO1	DGIdb
TUBA3D	DGIdb
LHCGR	DGIdb
FDPS	DGIdb
THPO	DGIdb
PIM3	DGIdb
LMNA	DGIdb
ACP1	DGIdb
DHRS9	DGIdb
MAP3K20	DGIdb
F2RL1	DGIdb
TSG101	DGIdb
RORC	DGIdb
LRRK2	DGIdb
ACE	DGIdb
CLK2	DGIdb
GRIN3B	DGIdb
ALOX15B	DGIdb
PKN2	DGIdb
AAMP	DGIdb
THRB	DGIdb
CSNK1G2	DGIdb
GSK3B	DGIdb
TSSK1B	DGIdb
SMAD2	DGIdb
RAPGEF4	DGIdb
SLK	DGIdb
CSNK1A1	DGIdb
HDAC5	DGIdb
TRPV1	DGIdb
CDK2	DGIdb
ADCY2	DGIdb
RPS6KA1	DGIdb
RXFP1	DGIdb
TARDBP	DGIdb
GCGR	DGIdb
UQCR10	DGIdb
NR2E3	DGIdb
HBB	DGIdb
HDAC4	DGIdb
APOBEC3F	DGIdb
CSNK1D	DGIdb
ITGB3	DGIdb
FXYD2	DGIdb
NPSR1	DGIdb
DDAH1	DGIdb
GCK	DGIdb
CDC42	DGIdb
MAP4K5	DGIdb
HDAC1	DGIdb
PDK1	DGIdb
PTGES	DGIdb
CALCRL	DGIdb
STK17A	DGIdb
FGB	DGIdb
NUCB1	DGIdb
CDK9	DGIdb
PTBP1	DGIdb
CHEK2	DGIdb
ABCC3	DGIdb
LYN	DGIdb
PIK3C2G	DGIdb
PIK3C2B	DGIdb
FLT1	DGIdb
MIR21	DGIdb
MAP2K6	DGIdb
PDGFRA	DGIdb
MAP2K7	DGIdb
WNT7A	DGIdb
VEGFC	DGIdb
AKR1B1	DGIdb
AGTR2	DGIdb
HOXD11	DGIdb
ANPEP	DGIdb
BCL6	DGIdb
FAH	DGIdb
BGLAP	DGIdb
CAMK2B	DGIdb
CALCA	DGIdb
PRL	DGIdb
CHST11	DGIdb
CISH	DGIdb
CYP1A1	DGIdb
CYP19A1	DGIdb
CYP1B1	DGIdb
CYP2B6	DGIdb
CYP3A43	DGIdb
DBP	DGIdb
DEFB4A	DGIdb
DTYMK	DGIdb
TYMS	DGIdb
ENO2	DGIdb
EMP1	DGIdb
ERCC1	DGIdb
FCGR3A	DGIdb
FCGR3B	DGIdb
GCLC	DGIdb
GHRL	DGIdb
GJA1	DGIdb
GNMT	DGIdb
MKNK2	DGIdb
GNRH1	DGIdb
GRP	DGIdb
GSR	DGIdb
GSTM1	DGIdb
IL1R1	DGIdb
GSTP1	DGIdb
IRS1	DGIdb
ITGAL	DGIdb
ITGAM	DGIdb
JUNB	DGIdb
UBE2I	DGIdb
ITGB2	DGIdb
KRT19	DGIdb
ATP4A	DGIdb
LCAT	DGIdb
LDLR	DGIdb
LIPC	DGIdb
MDH2	DGIdb
MMP1	DGIdb
NPR1	DGIdb
MLANA	DGIdb
F9	DGIdb
MUC2	DGIdb
MYC	DGIdb
MYB	DGIdb
NOS1	DGIdb
NPY	DGIdb
NRG1	DGIdb
OXTR	DGIdb
PLA2G2A	DGIdb
POU5F1	DGIdb
PRKCD	DGIdb
RBP3	DGIdb
CSNK2A1	DGIdb
SI	DGIdb
SLC2A4	DGIdb
SLC9A3	DGIdb
SLC6A3	DGIdb
SMOX	DGIdb
SRI	DGIdb
SPINT1	DGIdb
SRY	DGIdb
STAB2	DGIdb
SULT2A1	DGIdb
STS	DGIdb
ST14	DGIdb
TAT	DGIdb
TARP	DGIdb
TFPI	DGIdb
TGFB1	DGIdb
THBS1	DGIdb
THRSP	DGIdb
XIAP	DGIdb
WT1	DGIdb
CDK12	DGIdb
BLMH	DGIdb
REN	DGIdb
EPHX2	DGIdb
PARD3B	DGIdb
SLC28A1	DGIdb
CTLA4	DGIdb
CYP2J2	DGIdb
STK39	DGIdb
APOC3	DGIdb
CACNG2	DGIdb
STX11	DGIdb
UNC13D	DGIdb
GABRB1	DGIdb
UGT1A10	DGIdb
SLC28A3	DGIdb
ADH7	DGIdb
COL26A1	DGIdb
MOCS1	DGIdb
FCHSD1	DGIdb
DDIT4	DGIdb
DDX10	DGIdb
NEFM	DGIdb
RPTOR	DGIdb
PRSS3	DGIdb
CRHR1	DGIdb
NOD2	DGIdb
EPHX1	DGIdb
GAL	DGIdb
GRIK4	DGIdb
PLCB1	DGIdb
ITK	DGIdb
HLA-A	DGIdb
TPH1	DGIdb
SLC1A1	DGIdb
TXNRD2	DGIdb
HLA-B	DGIdb
TCF7L2	DGIdb
SLC22A1	DGIdb
CHPT1	DGIdb
ASIC2	DGIdb
SH2B1	DGIdb
RABEP1	DGIdb
REEP5	DGIdb
ESYT2	DGIdb
ALDH1L1	DGIdb
CHURC1	DGIdb
PDIA2	DGIdb
TPMT	DGIdb
HLA-DQA1	DGIdb
CDH15	DGIdb
UGT1A3	DGIdb
F3	DGIdb
CASR	DGIdb
SLCO1B1	DGIdb
CACNA2D3	DGIdb
UGT1A1	DGIdb
GLA	DGIdb
ATP2A3	DGIdb
ACE2	DGIdb
EYS	DGIdb
TLR5	DGIdb
ACAT2	DGIdb
AGBL4	DGIdb
GRID2	DGIdb
CHRNA6	DGIdb
HCP5	DGIdb
ARG1	DGIdb
CYP24A1	DGIdb
CEACAM5	DGIdb
BLVRB	DGIdb
EREG	DGIdb
ADAM33	DGIdb
BCHE	DGIdb
CES1	DGIdb
CCR5	DGIdb
UGT1A8	DGIdb
NUDT15	DGIdb
UGT2B15	DGIdb
PTGS2	DGIdb
CHRNA5	DGIdb
CHRNB1	DGIdb
NT5C3A	DGIdb
CYP2C18	DGIdb
FTO	DGIdb
ERICH3	DGIdb
ECT2L	DGIdb
CYP4X1	DGIdb
HNMT	DGIdb
NOS3	DGIdb
CBR1	DGIdb
ABCB4	DGIdb
CYP4F2	DGIdb
GPR35	DGIdb
SPG7	DGIdb
SULT2B1	DGIdb
UGT1A6	DGIdb
UGT1A7	DGIdb
HLA-C	DGIdb
SLCO2A1	DGIdb
CERS6	DGIdb
RGL4	DGIdb
HYKK	DGIdb
TNFRSF1B	DGIdb
SLC30A8	DGIdb
THRA	DGIdb
UGT2B7	DGIdb
UGT1A9	DGIdb
BCR	DGIdb
SIK3	DGIdb
SMAD7	DGIdb
PSORS1C1	DGIdb
WDR24	DGIdb
ST6GAL1	DGIdb
ADH1A	DGIdb
SULT1A3	DGIdb
LTC4S	DGIdb
GLCCI1	DGIdb
MOBP	DGIdb
AK4	DGIdb
EGLN2	DGIdb
PRORP	DGIdb
MLLT3	DGIdb
UGT1A5	DGIdb
GLT1D1	DGIdb
TNFRSF11A	DGIdb
PML	DGIdb
FGA	DGIdb
PTCH1	DGIdb
TNFSF11	DGIdb
IL15	DGIdb
DPP4	DGIdb
GHR	DGIdb
MC1R	DGIdb
MC4R	DGIdb
DRD4	DGIdb
CACNB3	DGIdb
MBP	DGIdb
INHA	DGIdb
GRIA2	DGIdb
OLR1	DGIdb
SSTR2	DGIdb
MAPK9	DGIdb
ESR2	DGIdb
TNNC1	DGIdb
TNNC2	DGIdb
TNNI1	DGIdb
PTGER2	DGIdb
TNNI2	DGIdb
TNNT2	DGIdb
CD55	DGIdb
ICAM1	DGIdb
PDHA2	DGIdb
PDHA1	DGIdb
FGFR4	DGIdb
P2RX7	DGIdb
PDGFB	DGIdb
APP	DGIdb
ADORA1	DGIdb
PROCR	DGIdb
F8	DGIdb
CD248	DGIdb
PTGFR	DGIdb
RARA	DGIdb
IGF1	DGIdb
IFNLR1	DGIdb
IFNAR2	DGIdb
LIG1	DGIdb
SPHK2	DGIdb
GP6	DGIdb
S1PR1	DGIdb
ITGA4	DGIdb
CALCR	DGIdb
CD3E	DGIdb
XK	DGIdb
CCKBR	DGIdb
EGF	DGIdb
CHRNB4	DGIdb
HTR1B	DGIdb
TLR8	DGIdb
GABRR3	DGIdb
UGCG	DGIdb
GNRHR2	DGIdb
EPOR	DGIdb
KCNJ1	DGIdb
PDE3A	DGIdb
CHRNA2	DGIdb
SCTR	DGIdb
HRH2	DGIdb
DRD5	DGIdb
CA1	DGIdb
ACHE	DGIdb
AVPR2	DGIdb
ABAT	DGIdb
CD80	DGIdb
RRM2	DGIdb
CHRNA1	DGIdb
DDC	DGIdb
CETP	DGIdb
F11	DGIdb
CD47	DGIdb
GLRB	DGIdb
PRMT5	DGIdb
IDO1	DGIdb
PDE7B	DGIdb
XPO1	DGIdb
EZH2	DGIdb
RHO	DGIdb
TF	DGIdb
JAK3	DGIdb
S100A12	DGIdb
HK2	DGIdb
VDAC1	DGIdb
PPM1A	DGIdb
PPP2CA	DGIdb
AOC3	DGIdb
PTPN1	DGIdb
GCG	DGIdb
GLUL	DGIdb
SERPINA1	DGIdb
IFNA2	DGIdb
IL1R2	DGIdb
PTGER4	DGIdb
MCHR1	DGIdb
BSG	DGIdb
HDC	DGIdb
OPN4	DGIdb
HR	DGIdb
ITGB8	DGIdb
KDM5A	DGIdb
AADAT	DGIdb
EGLN1	DGIdb
S1PR3	DGIdb
DPP7	DGIdb
ZAP70	DGIdb
SRD5A3	DGIdb
TMPRSS15	DGIdb
ERN1	DGIdb
HCK	DGIdb
PSIP1	DGIdb
SRD5A1	DGIdb
HPN	DGIdb
FURIN	DGIdb
AVPR1B	DGIdb
PTPRD	DGIdb
SIRT2	DGIdb
PDE3B	DGIdb
DDR1	DGIdb
IFNGR2	DGIdb
CTRC	DGIdb
BUB1	DGIdb
SLC46A1	DGIdb
PDE4D	DGIdb
F2	DGIdb
LGMN	DGIdb
KCNA5	DGIdb
CNR2	DGIdb
SPTBN1	DGIdb
IFNB1	DGIdb
TBXA2R	DGIdb
ADORA2A	DGIdb
KCNK2	DGIdb
TRPV4	DGIdb
KCNK3	DGIdb
IL11RA	DGIdb
KCNK9	DGIdb
CNGA1	DGIdb
TLR2	DGIdb
LTF	DGIdb
CSF2RB	DGIdb
TGFBR1	DGIdb
SERPINF1	DGIdb
TYMP	DGIdb
ADAM17	DGIdb
PTGDR	DGIdb
METAP2	DGIdb
HMBS	DGIdb
TUSC2	DGIdb
TYR	DGIdb
RAB4B-EGLN2	DGIdb
CA6	DGIdb
CA12	DGIdb
TUB	DGIdb
MAGEA3	DGIdb
TFF2	DGIdb
AURKA	DGIdb
CDK3	DGIdb
SST	DGIdb
CDK15	DGIdb
ATM	DGIdb
CCNB1	DGIdb
EPHA2	DGIdb
SLC25A20	DGIdb
CDK17	DGIdb
BRD4	DGIdb
CLC	DGIdb
CDK18	DGIdb
HRH4	DGIdb
CD3G	DGIdb
EPCAM	DGIdb
SERPINE1	DGIdb
LPA	DGIdb
EPO	DGIdb
CXCL10	DGIdb
CDK7	DGIdb
TRPV3	DGIdb
IL4R	DGIdb
APOA1	DGIdb
CD79B	DGIdb
MPL	DGIdb
P2RX3	DGIdb
GRIA4	DGIdb
TPO	DGIdb
CDK10	DGIdb
CDK16	DGIdb
INS	DGIdb
VEGFA	DGIdb
PCSK9	DGIdb
NPY2R	DGIdb
NPY4R	DGIdb
SDC1	DGIdb
CD19	DGIdb
TNFRSF8	DGIdb
ERBB4	DGIdb
MSLN	DGIdb
TNFRSF17	DGIdb
IL3RA	DGIdb
CD34	DGIdb
CD38	DGIdb
ROR2	DGIdb
CTAG1B	DGIdb
PMEL	DGIdb
TEK	DGIdb
MMP9	DGIdb
GH1	DGIdb
CYSLTR1	DGIdb
CCL11	DGIdb
SMO	DGIdb
IFNG	DGIdb
GRM2	DGIdb
DGAT1	DGIdb
MGAT2	DGIdb
DGAT2	DGIdb
MBOAT4	DGIdb
BIRC2	DGIdb
MAP4K2	DGIdb
MAP3K19	DGIdb
TBK1	DGIdb
STAT5A	DGIdb
HCRTR1	DGIdb
SETD2	DGIdb
VHL	DGIdb
SLC52A1	DGIdb
DNASE1L3	DGIdb
FABP5	DGIdb
FABP4	DGIdb
IDO2	DGIdb
TDO2	DGIdb
KMO	DGIdb
PDE2A	DGIdb
DNMT3A	DGIdb
DNMT3L	DGIdb
EIF2AK3	DGIdb
HRH3	DGIdb
ROS1	DGIdb
TXNRD1	DGIdb
CTSK	DGIdb
CTSS	DGIdb
CTSL	DGIdb
CTSB	DGIdb
ROCK1	DGIdb
ROCK2	DGIdb
TMEM97	DGIdb
SIGMAR1	DGIdb
PRCP	DGIdb
DYRK1A	DGIdb
DYRK2	DGIdb
DYRK1B	DGIdb
DYRK3	DGIdb
MMP13	DGIdb
SLC6A9	DGIdb
GRIK5	DGIdb
ATP5IF1	DGIdb
PDCD1	DGIdb
CSF2RA	DGIdb
IL1A	DGIdb
MARCHF8	DGIdb
IMPDH1	DGIdb
LAG3	DGIdb
CCR9	DGIdb
CASP2	DGIdb
IL7R	DGIdb
CASP12	DGIdb
SNCA	DGIdb
TAAR1	DGIdb
KLRC1	DGIdb
SGPL1	DGIdb
OCA2	DGIdb
BDKRB1	DGIdb
POLA2	DGIdb
CD28	DGIdb
POLD2	DGIdb
CSF3	DGIdb
MUC5AC	DGIdb
ITGAV	DGIdb
A12M2	DGIdb
IL13RA2	DGIdb
SERPINA3	DGIdb
ENG	DGIdb
CREB1	DGIdb
FRA10F	DGIdb
HBEGF	DGIdb
GNA12	DGIdb
ABCF1	DGIdb
BEVI	DGIdb
ACADM	DGIdb
CD69	DGIdb
ABO	DGIdb
ACAA1	DGIdb
EFNA1	DGIdb
EFNB2	DGIdb
ASIC1	DGIdb
BDKRB2	DGIdb
CPN1	DGIdb
CYP27B1	DGIdb
DAZ1	DGIdb
ATP6V0B	DGIdb
FOLR2	DGIdb
ACTA2	DGIdb
ACTB	DGIdb
CCR4	DGIdb
EGR3	DGIdb
CPT2	DGIdb
ALAS2	DGIdb
FCER2	DGIdb
EGR4	DGIdb
EIF4A1	DGIdb
EIF4EBP1	DGIdb
CPB2	DGIdb
CYP2A13	DGIdb
CSHL1	DGIdb
CRIP1	DGIdb
DHODH	DGIdb
ABCD1	DGIdb
ALDH3A1	DGIdb
FRZB	DGIdb
EN2	DGIdb
BLVRA	DGIdb
CRP	DGIdb
ABCD2	DGIdb
DPYSL2	DGIdb
DPYSL3	DGIdb
GAPDHP67	DGIdb
SLC26A3	DGIdb
ONECUT1	DGIdb
ALDH3B2	DGIdb
ALDH9A1	DGIdb
APOC2	DGIdb
ARNT	DGIdb
CD14	DGIdb
GUCY1A2	DGIdb
ASS1P2	DGIdb
CLDN18	DGIdb
ASS1P8	DGIdb
ASS1P14	DGIdb
DLX3	DGIdb
GDF2	DGIdb
GAPDHP1	DGIdb
GARS1	DGIdb
GDF9	DGIdb
GAS1	DGIdb
GPLD1	DGIdb
GMFA	DGIdb
PRDM1	DGIdb
ADARB2	DGIdb
ADCY3	DGIdb
XCR1	DGIdb
CSNK2A2	DGIdb
CMR3A	DGIdb
CRK	DGIdb
FOXL2	DGIdb
DPT	DGIdb
ATP5ME	DGIdb
ARF6	DGIdb
ASNSP2	DGIdb
CALM1	DGIdb
AZGP1	DGIdb
FRA10D	DGIdb
CTSV	DGIdb
EPS8	DGIdb
IGHE	DGIdb
GDI2	DGIdb
GEM	DGIdb
ERVT5	DGIdb
ANCR	DGIdb
AMY2B	DGIdb
ANG	DGIdb
ANK1	DGIdb
PGF	DGIdb
CSF1	DGIdb
AARS1	DGIdb
AAVS1	DGIdb
TNFRSF4	DGIdb
BAK1	DGIdb
NKX3-2	DGIdb
TFRC	DGIdb
BBS2	DGIdb
DLX5	DGIdb
IFNA1	DGIdb
ATF4	DGIdb
EVC	DGIdb
AQP5	DGIdb
DNAH9	DGIdb
NMUR1	DGIdb
MTNR1A	DGIdb
APBA1	DGIdb
ANXA7	DGIdb
P2RY1	DGIdb
SLCO1A2	DGIdb
SLCO1C1	DGIdb
APC	DGIdb
APLP2	DGIdb
HPRTP1	DGIdb
SLC15A2	DGIdb
BCKDHB	DGIdb
BCKDHA	DGIdb
ATP4B	DGIdb
F7R	DGIdb
COL19A1	DGIdb
COL7A1	DGIdb
COL12A1	DGIdb
RNF130	DGIdb
NBEAP1	DGIdb
FXN	DGIdb
FRA4A	DGIdb
H1-2	DGIdb
BAK1P1	DGIdb
CX3CR1	DGIdb
TEX28	DGIdb
CYB5P1	DGIdb
DYT7	DGIdb
CXADR	DGIdb
CUX1	DGIdb
AMY1A	DGIdb
AMY1B	DGIdb
FAU	DGIdb
GBE1	DGIdb
CD9	DGIdb
FASLG	DGIdb
AQP2	DGIdb
SARDH	DGIdb
PSMB7	DGIdb
TLX2	DGIdb
H1-5	DGIdb
PSMD4	DGIdb
AQP6	DGIdb
FRA8C	DGIdb
PSMD12	DGIdb
ATP2B2	DGIdb
TRPM8	DGIdb
PSMD1	DGIdb
ATP5F1A	DGIdb
ATP5F1BP1	DGIdb
PSMB8	DGIdb
ARCN2	DGIdb
PSMB1	DGIdb
ANXA5	DGIdb
PTGER1	DGIdb
CCNE1	DGIdb
NPM1	DGIdb
APH1B	DGIdb
RPL15	DGIdb
RPS20	DGIdb
RPL5	DGIdb
RPL10	DGIdb
MSH6	DGIdb
ARID1A	DGIdb
NF2	DGIdb
POLA1	DGIdb
POLD3	DGIdb
E2F7	DGIdb
EML4	DGIdb
CA5A	DGIdb
MLH1	DGIdb
MSH2	DGIdb
MSH3	DGIdb
CA5B	DGIdb
TACSTD2	DGIdb
PMS2	DGIdb
POLE	DGIdb
RB1	DGIdb
LAMC2	DGIdb
TLR9	DGIdb
TAS2R46	DGIdb
KCNQ3	DGIdb
ATP5F1C	DGIdb
ESRRG	DGIdb
MMP14	DGIdb
ATF1	DGIdb
PDE9A	DGIdb
GYPA	DGIdb
SNAP25	DGIdb
ADAM10	DGIdb
MGAM	DGIdb
GPR84	DGIdb
RXRB	DGIdb
EXTL3	DGIdb
HLA-DRB1	DGIdb
AMPD3	DGIdb
MLKL	DGIdb
CACNB2	DGIdb
ATP5BL2	DGIdb
GCKR	DGIdb
ALDH1A3	DGIdb
GM2A	DGIdb
COL27A1	DGIdb
CCDC148	DGIdb
ETFB	DGIdb
ACTBP2	DGIdb
ACTG1P8	DGIdb
ACTBP8	DGIdb
GPR15	DGIdb
ANGPT1	DGIdb
DHFRP3	DGIdb
PTPN22	DGIdb
GRM8	DGIdb
CTPS1	DGIdb
NR4A2	DGIdb
EIF4E	DGIdb
EMD	DGIdb
EPHA8	DGIdb
ATP6V1E1	DGIdb
CCL22	DGIdb
CGA	DGIdb
PDE4C	DGIdb
ALDH5A1	DGIdb
GNAI2P1	DGIdb
FUT4	DGIdb
NPPC	DGIdb
PAK1	DGIdb
MICB	DGIdb
ATP2A2	DGIdb
BAX	DGIdb
GNB3	DGIdb
RAMP1	DGIdb
CNC2	DGIdb
CDC6	DGIdb
TRPV5	DGIdb
RAC1	DGIdb
PTH	DGIdb
TRPV6	DGIdb
BAAT	DGIdb
ADA	DGIdb
FGF2	DGIdb
EYA3	DGIdb
WRN	DGIdb
PROC	DGIdb
DTNA	DGIdb
COL1A2	DGIdb
KCND2	DGIdb
BRSK1	DGIdb
ERVT4	DGIdb
MARK2	DGIdb
ATP1B1P1	DGIdb
ATXN1L	DGIdb
ACTBP9	DGIdb
GATA2	DGIdb
GSTT1	DGIdb
NTNG1	DGIdb
UTS2R	DGIdb
APOBER1	DGIdb
CYP2C8	DGIdb
FZD7	DGIdb
ASRGL1	DGIdb
CCL7	DGIdb
IGFBP1	DGIdb
THY1	DGIdb
GSTA1	DGIdb
CAST	DGIdb
NFIB	DGIdb
CHD4	DGIdb
NKX2-5	DGIdb
PSMC4	DGIdb
ANXA13	DGIdb
FSHMD1B	DGIdb
GNAI2	DGIdb
PTGDR2	DGIdb
PARP3	DGIdb
RAF1	DGIdb
ARHGAP4	DGIdb
TNFSF12	DGIdb
MAP2K4	DGIdb
CSRP2	DGIdb
SCD	DGIdb
POLD4	DGIdb
TRPM5	DGIdb
NFKB2	DGIdb
CPB1	DGIdb
APBA2	DGIdb
CDK11B	DGIdb
BCHEL3	DGIdb
PTPN7	DGIdb
COL4A1	DGIdb
CD27	DGIdb
BCYRN1P2	DGIdb
PAX8	DGIdb
IL23R	DGIdb
HDAC7	DGIdb
NOTCH1	DGIdb
ALDOA	DGIdb
CHEK1	DGIdb
FASN	DGIdb
FCGR2B	DGIdb
CHST1	DGIdb
SERPINH1	DGIdb
EPHB1	DGIdb
CBFB	DGIdb
CTBP2	DGIdb
PSMB3P1	DGIdb
PKM	DGIdb
RARB	DGIdb
SLC30A9	DGIdb
NR4A1	DGIdb
RORA	DGIdb
CCL3	DGIdb
ANXA11	DGIdb
PRKG1	DGIdb
BAD	DGIdb
BPGM	DGIdb
DUSP6	DGIdb
AMHR2	DGIdb
HNF4A	DGIdb
NOTCH2	DGIdb
RAD50	DGIdb
CA13	DGIdb
ABCC8	DGIdb
COL4A6	DGIdb
COL11A1	DGIdb
CHRND	DGIdb
PRIM1	DGIdb
CCL18	DGIdb
KCNJ2	DGIdb
PSMB9	DGIdb
PSMA1	DGIdb
PSMB11	DGIdb
PSMD7	DGIdb
PDPK1	DGIdb
KCNH1	DGIdb
PMP22	DGIdb
IKBKB	DGIdb
MYL4	DGIdb
PNP	DGIdb
BCL2A1	DGIdb
CALCB	DGIdb
TGFB3	DGIdb
LINGO1	DGIdb
FN1	DGIdb
ICOSLG	DGIdb
IFNA10	DGIdb
IFNA13	DGIdb
NCAM1	DGIdb
IFNA14	DGIdb
HTR3B	DGIdb
LY6E	DGIdb
LTB4R2	DGIdb
CD3D	DGIdb
ECE1	DGIdb
PIKFYVE	DGIdb
HSD11B1	DGIdb
ALOX5AP	DGIdb
CACNA2D2	DGIdb
TACR3	DGIdb
ADAMTS5	DGIdb
HSF1	DGIdb
SENP7	DGIdb
EYA2	DGIdb
SLC5A7	DGIdb
CASP1	DGIdb
NR1I3	DGIdb
NCOR2	DGIdb
GNAS	DGIdb
HDAC11	DGIdb
ERG	DGIdb
MAP4K4	DGIdb
TNK2	DGIdb
MST1R	DGIdb
FPR2	DGIdb
ABCC4	DGIdb
PIN1	DGIdb
PSMB2	DGIdb
KAT2B	DGIdb
LTK	DGIdb
CAMK2A	DGIdb
LDHA	DGIdb
PRKAA2	DGIdb
PRKAB1	DGIdb
PRKAG2	DGIdb
MBNL1	DGIdb
PIM1	DGIdb
GLRA1	DGIdb
SRPK1	DGIdb
SIRT5	DGIdb
GALNS	DGIdb
ADK	DGIdb
AFP	DGIdb
CBS	DGIdb
CD1A	DGIdb
CD58	DGIdb
CD5	DGIdb
CKM	DGIdb
CGB5	DGIdb
CHUK	DGIdb
CRH	DGIdb
HPSE	DGIdb
CCN2	DGIdb
CX3CL1	DGIdb
CYP2E1	DGIdb
ALOX12	DGIdb
FST	DGIdb
NTSR1	DGIdb
GGT1	DGIdb
H2AC25	DGIdb
HK1	DGIdb
HMOX1	DGIdb
HSPA4	DGIdb
IBSP	DGIdb
IL10	DGIdb
IL11	DGIdb
IL18	DGIdb
LGALS2	DGIdb
LIF	DGIdb
MT2A	DGIdb
NOP2	DGIdb
NR5A1	DGIdb
NTF3	DGIdb
PHB2	DGIdb
PTHLH	DGIdb
SDF4	DGIdb
SLAMF1	DGIdb
TNFRSF1A	DGIdb
TP73	DGIdb
TPM3	DGIdb
TSPYL2	DGIdb
USP9Y	DGIdb
VIP	DGIdb
RPP30	DGIdb
SULT1A1	DGIdb
MDGA2	DGIdb
ZMPSTE24	DGIdb
TPH2	DGIdb
NELFCD	DGIdb
PCYT2	DGIdb
FGF22	DGIdb
ZDHHC3	DGIdb
METTL3	DGIdb
RIPOR2	DGIdb
METTL14	DGIdb
HPX	DGIdb
HLA-DQB1	DGIdb
NT5C	DGIdb
ATP5F1E	DGIdb
ADCY1	DGIdb
ICA1	DGIdb
OR52J3	DGIdb
CYB5R3	DGIdb
TRIB3	DGIdb
PEBP4	DGIdb
CMTM8	DGIdb
PSEN1	DGIdb
AMPD1	DGIdb
PURA	DGIdb
TSPYL1	DGIdb
CYP3A7	DGIdb
NOS1AP	DGIdb
CYP3A	DGIdb
ENOSF1	DGIdb
IGF2BP2	DGIdb
MMADHC	DGIdb
NEDD4L	DGIdb
TBL1XR1	DGIdb
TNFRSF11B	DGIdb
FNTB	DGIdb
CYSLTR2	DGIdb
ASS1	DGIdb
KLC1	DGIdb
TYMSOS	DGIdb
PROS1	DGIdb
TOMM40	DGIdb
CDX2	DGIdb
SOCS3	DGIdb
SLFN11	DGIdb
CDKAL1	DGIdb
SCNN1B	DGIdb
ADAMTS1	DGIdb
SLC7A5	DGIdb
SPP1	DGIdb
CES2	DGIdb
MUTYH	DGIdb
SLC10A1	DGIdb
C3	DGIdb
UGT2B10	DGIdb
HLA-DRB5	DGIdb
XRCC1	DGIdb
SLC22A2	DGIdb
HAS3	DGIdb
GNL3	DGIdb
CBR3	DGIdb
FOXO1	DGIdb
SELE	DGIdb
SLC28A2	DGIdb
HTR3A	DGIdb
APOA5	DGIdb
TLR3	DGIdb
DYNC2H1	DGIdb
IKBKG	DGIdb
HCG22	DGIdb
NAIP	DGIdb
PSMC2	DGIdb
SIRT7	DGIdb
BIRC3	DGIdb
BIRC6	DGIdb
PTH1R	DGIdb
BCL2L2-PABPN1	DGIdb
NEK2	DGIdb
IL13RA1	DGIdb
QPRT	DGIdb
NGFR	DGIdb
GHRHR	DGIdb
SELP	DGIdb
HPGDS	DGIdb
ALPG	DGIdb
CEL	DGIdb
CSF3R	DGIdb
PLA2G3	DGIdb
P2RY2	DGIdb
IFNGR1	DGIdb
SLC22A4	DGIdb
FCER1G	DGIdb
MS4A2	DGIdb
HIPK2	DGIdb
IGHG1	DGIdb
SLC18A2	DGIdb
GABBR1	DGIdb
GABBR2	DGIdb
IRAK1	DGIdb
KCNA1	DGIdb
DAPK3	DGIdb
VAMP1	DGIdb
ESRRA	DGIdb
CDH11	DGIdb
CREBBP	DGIdb
C1S	DGIdb
TNFRSF18	DGIdb
TRBV20OR9-2	DGIdb
OGA	DGIdb
TERC	DGIdb
MAGEC1	DGIdb
MAGEC2	DGIdb
TPBG	DGIdb
GABPA	DGIdb
RBP4	DGIdb
SLC33A1	DGIdb
LGALS1	DGIdb
PPID	DGIdb
ABCB11	DGIdb
PDE1B	DGIdb
RORB	DGIdb
ACVR1B	DGIdb
LTA	DGIdb
CSNK1G1	DGIdb
PRLR	DGIdb
SUPT16H	DGIdb
NCOA1	DGIdb
PTH2R	DGIdb
TOP2B	DGIdb
IL6ST	DGIdb
MT-CO3	DGIdb
FFAR1	DGIdb
REG3A	DGIdb
PCLAF	DGIdb
CYP11A1	DGIdb
PDF	DGIdb
CELA1	DGIdb
ELANE	DGIdb
HTR1E	DGIdb
CCKAR	DGIdb
NPY5R	DGIdb
MCM8	DGIdb
SERPINA6	DGIdb
KCNT1	DGIdb
LAMB3	DGIdb
HSPA5	DGIdb
CCR1	DGIdb
SLC5A4	DGIdb
PRDX5	DGIdb
CYP11B1	DGIdb
CPS1	DGIdb
GPA33	DGIdb
HSPA1A	DGIdb
LPL	DGIdb
DMD	DGIdb
PAH	DGIdb
MAP3K5	DGIdb
SLC3A2	DGIdb
GATA4	DGIdb
SPHK1	DGIdb
KLF4	DGIdb
MALAT1	DGIdb
HSPA8	DGIdb
HTR5A	DGIdb
MYLK	DGIdb
HTR1F	DGIdb
EBP	DGIdb
GTF2E1	DGIdb
TK1	DGIdb
ITGB7	DGIdb
SGCA	DGIdb
PTPRB	DGIdb
CAPN2	DGIdb
APCS	DGIdb
IL25	DGIdb
ZUP1	DGIdb
CTSG	DGIdb
GLI1	DGIdb
BRDT	DGIdb
BRD2	DGIdb
MAPK7	DGIdb
KDM1B	DGIdb
SLC22A12	DGIdb
NFKBIA	DGIdb
PBK	DGIdb
NT5E	DGIdb
LIMK1	DGIdb
MGLL	DGIdb
ABHD6	DGIdb
DAGLA	DGIdb
GPBAR1	DGIdb
NRP1	DGIdb
MMP7	DGIdb
SLC9A1	DGIdb
FRA16E	DGIdb
E11S	DGIdb
CNN1	DGIdb
CSTP1	DGIdb
AAK1	DGIdb
ACADSB	DGIdb
BST2	DGIdb
CMR1A	DGIdb
BTC	DGIdb
BMP2K	DGIdb
EFNA2	DGIdb
HOXB@	DGIdb
C3AR1	DGIdb
GLUD1P3	DGIdb
DBIP1	DGIdb
ACP5	DGIdb
FNTBL1	DGIdb
ACRV1	DGIdb
ACTBP3	DGIdb
H1-6	DGIdb
GNG4	DGIdb
GYPC	DGIdb
CMA1	DGIdb
CNA1	DGIdb
DUSP1	DGIdb
GBX1	DGIdb
EML1	DGIdb
GTF2IP1	DGIdb
APOC1P1	DGIdb
EN1	DGIdb
BDH1	DGIdb
BCL5	DGIdb
CBLB	DGIdb
CCR10	DGIdb
BMAL1	DGIdb
ARRB2	DGIdb
ARRB1	DGIdb
ARSF	DGIdb
ALOX12P1	DGIdb
BDM	DGIdb
ASS1P10	DGIdb
AOAH	DGIdb
ADCY6	DGIdb
ADCY8	DGIdb
ADD3	DGIdb
ADFN	DGIdb
EPHA7	DGIdb
ZFP36L2	DGIdb
ZFP36L1	DGIdb
EPHB2	DGIdb
GPR42	DGIdb
CD68	DGIdb
GPR26	DGIdb
GPM6B	DGIdb
ARF4P1	DGIdb
ARG2	DGIdb
KCNJ8	DGIdb
BAG1	DGIdb
ALDH7A1P3	DGIdb
KIF1A	DGIdb
ALDH7A1P2	DGIdb
CYP2F1	DGIdb
SLC25A5	DGIdb
ANTP2	DGIdb
GRM6	DGIdb
ESRRB	DGIdb
H1-1	DGIdb
CTNNA1	DGIdb
CTNNA1P1	DGIdb
ERCC4	DGIdb
DCN	DGIdb
HNRNPC	DGIdb
DBT	DGIdb
HLA-DOB	DGIdb
DRG2	DGIdb
ZFHX3	DGIdb
CHRNA3	DGIdb
AQP4	DGIdb
ANXA2	DGIdb
ANXA6	DGIdb
EXT3	DGIdb
EXTL1	DGIdb
EXTL2	DGIdb
ATP1B1	DGIdb
APEH	DGIdb
ATP1B3P1	DGIdb
AIRE	DGIdb
FRA3C	DGIdb
FRA6F	DGIdb
CNGB1	DGIdb
FRA6A	DGIdb
CSTF1	DGIdb
ACSL4	DGIdb
GTF3C2	DGIdb
RIPK2	DGIdb
GP1BA	DGIdb
GP2	DGIdb
CYB5A	DGIdb
APPL1	DGIdb
AMT	DGIdb
SLC38A3	DGIdb
HLA-DMA	DGIdb
HPD	DGIdb
AQP7	DGIdb
FEB1	DGIdb
TEC	DGIdb
APOC4	DGIdb
ATP2B1	DGIdb
FRA8F	DGIdb
ATP6V1B2	DGIdb
ANXA3	DGIdb
PDCD4	DGIdb
HLA-DRA	DGIdb
VKORC1	DGIdb
CEBPA	DGIdb
ABCC10	DGIdb
ETV1	DGIdb
PIK3R4	DGIdb
FBXW7	DGIdb
PSME1	DGIdb
PSMD14	DGIdb
PSMB6	DGIdb
PSMD8	DGIdb
GPR19	DGIdb
PSMB4	DGIdb
PSME2P2	DGIdb
IL2RB	DGIdb
PSMD5	DGIdb
WEE1	DGIdb
ICMT	DGIdb
MAP2K5	DGIdb
BMX	DGIdb
MIF	DGIdb
MTTP	DGIdb
STAT6	DGIdb
PRKAG3	DGIdb
FRA9D	DGIdb
DBIP2	DGIdb
SIK2	DGIdb
CXCR2	DGIdb
SLC22A6	DGIdb
NAPEPLD	DGIdb
ABI1	DGIdb
ALDH3B1	DGIdb
ATP1A4	DGIdb
NR5A2	DGIdb
EPS15	DGIdb
RYR2	DGIdb
IFNA17	DGIdb
BTD	DGIdb
CD2	DGIdb
SLC19A1	DGIdb
PROM1	DGIdb
GGCX	DGIdb
DDR2	DGIdb
TET2	DGIdb
TMEM196	DGIdb
PDE5A	DGIdb
PYROXD2	DGIdb
CCL17	DGIdb
P4HB	DGIdb
S1PR4	DGIdb
SLITRK6	DGIdb
DLG4	DGIdb
GFRA2	DGIdb
CCL14	DGIdb
CTNNBL1	DGIdb
LOXL2	DGIdb
DAP	DGIdb
SIN3A	DGIdb
CYP17A1	DGIdb
ELP5	DGIdb
CCL8	DGIdb
CNGA2	DGIdb
SLC22A3	DGIdb
CCNA2	DGIdb
EIF2S1	DGIdb
NTS	DGIdb
CPA3	DGIdb
STAT5B	DGIdb
RAMP3	DGIdb
CDH5	DGIdb
BIN1	DGIdb
AK2	DGIdb
SULT1A2	DGIdb
FRA6B	DGIdb
RPS6KB2	DGIdb
ACTN3	DGIdb
TACR2	DGIdb
MKI67	DGIdb
CD82	DGIdb
CD86	DGIdb
COIL	DGIdb
RRM2B	DGIdb
ODC1	DGIdb
LAMB2	DGIdb
LAMC1	DGIdb
COL4A5	DGIdb
COL24A1	DGIdb
COL4A2	DGIdb
COL6A2	DGIdb
COL1A1	DGIdb
COL11A2	DGIdb
KCNK18	DGIdb
FGF4	DGIdb
LTB4R	DGIdb
KCNG1	DGIdb
GTF2B	DGIdb
KCNV1	DGIdb
KCNH5	DGIdb
HES1	DGIdb
KCNF1	DGIdb
KCNH7	DGIdb
KCNC2	DGIdb
KCNG4	DGIdb
KCNH6	DGIdb
KCNA10	DGIdb
KCNS2	DGIdb
HMGB1	DGIdb
IL17RA	DGIdb
IL5RA	DGIdb
MYL3	DGIdb
NAMPT	DGIdb
IFNA21	DGIdb
ICAM3	DGIdb
MGAM2	DGIdb
IGF2	DGIdb
C5AR1	DGIdb
INPP5D	DGIdb
PPP3CA	DGIdb
LGALS3	DGIdb
IL7	DGIdb
IL1RAP	DGIdb
TLR7	DGIdb
IL18RAP	DGIdb
LPAR2	DGIdb
NOX4	DGIdb
ME3	DGIdb
MT1F	DGIdb
MYCN	DGIdb
ATG4B	DGIdb
MYOD1	DGIdb
MELK	DGIdb
UBE2N	DGIdb
CDC25B	DGIdb
PRNP	DGIdb
NEK4	DGIdb
CAMK1D	DGIdb
SUMO2	DGIdb
GPR12	DGIdb
PNMT	DGIdb
PPP1R1A	DGIdb
RHOA	DGIdb
PASK	DGIdb
AKR1B10	DGIdb
RALA	DGIdb
SLC2A1	DGIdb
PRKX	DGIdb
HCAR2	DGIdb
CCR6	DGIdb
SENP1	DGIdb
TH	DGIdb
CASP9	DGIdb
SMPD1	DGIdb
TPSD1	DGIdb
TPSB2	DGIdb
UCP2	DGIdb
VEGFB	DGIdb
UCP1	DGIdb
AGER	DGIdb
AGT	DGIdb
UGDH	DGIdb
AKR1C1	DGIdb
VDAC2	DGIdb
CALR	DGIdb
CAMK2G	DGIdb
CRHBP	DGIdb
DBH	DGIdb
DNAJB1	DGIdb
IRF6	DGIdb
DSG1	DGIdb
GDF15	DGIdb
GRB2	DGIdb
GRM1	DGIdb
IRF2	DGIdb
POR	DGIdb
KRT10	DGIdb
MBL2	DGIdb
MAPKAPK2	DGIdb
PC	DGIdb
PCNA	DGIdb
PIP	DGIdb
PLD1	DGIdb
RBL2	DGIdb
SLPI	DGIdb
CYB5R2	DGIdb
FLI1	DGIdb
SULT1A4	DGIdb
GADL1	DGIdb
ADD1	DGIdb
KCNE1	DGIdb
RFPL4B	DGIdb
MT-ND1	DGIdb
UST	DGIdb
SLC39A14	DGIdb
ARHGEF28	DGIdb
REV3L	DGIdb
MACROD2	DGIdb
NAGS	DGIdb
CACNA1I	DGIdb
IGFBP3	DGIdb
CPT1A	DGIdb
HLA-DPB1	DGIdb
ADAMTS10	DGIdb
WFS1	DGIdb
PGK1	DGIdb
ADAMTSL2	DGIdb
NT5C2	DGIdb
RYR1	DGIdb
UPB1	DGIdb
IL21R	DGIdb
KLRK1	DGIdb
SLC9A8	DGIdb
FKBP5	DGIdb
NME1	DGIdb
MYOM2	DGIdb
NECAB1	DGIdb
TCF19	DGIdb
FGG	DGIdb
DDX53	DGIdb
PDK2	DGIdb
CACNG1	DGIdb
UBA3	DGIdb
HFE	DGIdb
PGRMC1	DGIdb
HLA-E	DGIdb
EDNRB	DGIdb
PPP3CB	DGIdb
DOCK8	DGIdb
PRRC2A	DGIdb
TRIM5	DGIdb
HCAR3	DGIdb
KCNMA1	DGIdb
PTGER3	DGIdb
PORCN	DGIdb
GPX5	DGIdb
SRD5A2	DGIdb
PTPN6	DGIdb
CYB5R4	DGIdb
QPCT	DGIdb
MIR3117	DGIdb
FECH	DGIdb
EPB41	DGIdb
ALDH7A1	DGIdb
ZNF697	DGIdb
PRB2	DGIdb
GRM7	DGIdb
CD37	DGIdb
IGHMBP2	DGIdb
CCL2	DGIdb
CTF1	DGIdb
KIR2DS1	DGIdb
PLA2G7	DGIdb
HCRT	DGIdb
PLK3	DGIdb
ACADS	DGIdb
GNG11	DGIdb
GTF2A1	DGIdb
GCLM	DGIdb
ELAVL3	DGIdb
ELF4	DGIdb
DAZL	DGIdb
ELF1	DGIdb
ATP6V1G2	DGIdb
SMDT1	DGIdb
ATP6AP1	DGIdb
ACTG1P2	DGIdb
CORD4	DGIdb
CORD1	DGIdb
GPI	DGIdb
CRMP1	DGIdb
ADH4	DGIdb
NPY1R	DGIdb
FRA1G	DGIdb
GALR2	DGIdb
SEPTIN3	DGIdb
ASS1P6	DGIdb
ASS1P9	DGIdb
ASS1P5	DGIdb
CST1	DGIdb
DLX4	DGIdb
ACP3	DGIdb
METTL21A	DGIdb
ENUR2	DGIdb
CFH	DGIdb
GAS2	DGIdb
ACTL4	DGIdb
ZMAT4	DGIdb
FRA2C	DGIdb
ATP6V1B1	DGIdb
KCNJ5	DGIdb
BCL3	DGIdb
BAK1P2	DGIdb
KMT5C	DGIdb
NUAK1	DGIdb
EWSR1	DGIdb
GTF2H1	DGIdb
GTF2F2P1	DGIdb
GPR34P	DGIdb
COL17A1	DGIdb
COL15A1	DGIdb
FRA4D	DGIdb
ERCC8	DGIdb
APOA4	DGIdb
H1-3	DGIdb
FCP1	DGIdb
CYB561	DGIdb
FUS	DGIdb
FDX1	DGIdb
FRA8A	DGIdb
BCGF1	DGIdb
MCOLN2	DGIdb
HCVS	DGIdb
SMARCA4	DGIdb
B2M	DGIdb
ERRFI1	DGIdb
MAGEA2	DGIdb
POLD1	DGIdb
OR10AE3P	DGIdb
OCRL	DGIdb
PERP	DGIdb
TNC	DGIdb
ACTC1	DGIdb
ACVRL1	DGIdb
HCN2	DGIdb
FGF7	DGIdb
CLN8	DGIdb
DNAH6	DGIdb
FZD5	DGIdb
PPA1	DGIdb
PPP3R2	DGIdb
EPHA3	DGIdb
ZBTB22	DGIdb
NFE2	DGIdb
SSTR4	DGIdb
CYP7B1	DGIdb
PLIN3	DGIdb
CHKB	DGIdb
SLC22A5	DGIdb
NPFFR1	DGIdb
POLE3	DGIdb
S1PR5	DGIdb
CLCN2	DGIdb
GSK1	DGIdb
GNG5P1	DGIdb
BRINP1	DGIdb
DDX43	DGIdb
GGH	DGIdb
TNFSF13B	DGIdb
PSCA	DGIdb
ATP1A1	DGIdb
F2RL3	DGIdb
FMOD	DGIdb
ULK3	DGIdb
SLC12A5	DGIdb
ATP7A	DGIdb
UMPS	DGIdb
ART4	DGIdb
IL12RB1	DGIdb
VAV1	DGIdb
DRP2	DGIdb
ATP2B3	DGIdb
RUNX3	DGIdb
TLE5	DGIdb
ATP6V0A1	DGIdb
TESK2	DGIdb
GPR119	DGIdb
SENP6	DGIdb
CRTC1	DGIdb
RPS6KA5	DGIdb
SLC26A9	DGIdb
HTR3E	DGIdb
CALY	DGIdb
AGAP3	DGIdb
RPA1	DGIdb
DAGLB	DGIdb
TOP1MT	DGIdb
SGK2	DGIdb
HSD3B2	DGIdb
ALDH7A1P4	DGIdb
HAVCR2	DGIdb
SLC25A29	DGIdb
SENP3	DGIdb
CFL1	DGIdb
APOH	DGIdb
ANTP4	DGIdb
TRAF3IP2	DGIdb
ASPH	DGIdb
CD24P4	DGIdb
CHRNE	DGIdb
FOLR3	DGIdb
TXN2	DGIdb
GUCY2C	DGIdb
GUCY1A1	DGIdb
LAMA1	DGIdb
COL6A5	DGIdb
PSMC6	DGIdb
SEM1	DGIdb
PSMB3	DGIdb
ADRM1	DGIdb
KCNC1	DGIdb
KCNA6	DGIdb
KCNA7	DGIdb
SCNN1A	DGIdb
CYP26A1	DGIdb
TLR4	DGIdb
TXK	DGIdb
CHRNA10	DGIdb
CRTC2	DGIdb
SELPLG	DGIdb
PABPC1	DGIdb
DLL3	DGIdb
TNNI3	DGIdb
SLC5A1	DGIdb
RCE1	DGIdb
MARK3	DGIdb
HNF1A	DGIdb
DYRK4	DGIdb
RPS6KA6	DGIdb
PNLIP	DGIdb
RASGRP1	DGIdb
PGD	DGIdb
LGALS9	DGIdb
EP300	DGIdb
PTPN11	DGIdb
TXN	DGIdb
FHIT	DGIdb
FKBP4	DGIdb
GALP	DGIdb
HEXB	DGIdb
HOXB1	DGIdb
HSPD1	DGIdb
HSPB2	DGIdb
SERPING1	DGIdb
LIPA	DGIdb
RPS19	DGIdb
MT-CO1	DGIdb
MT1JP	DGIdb
PTGES3	DGIdb
MYT1L	DGIdb
SOST	DGIdb
PKD2	DGIdb
PLA2G4A	DGIdb
LTBR	DGIdb
F13A1	DGIdb
PLCD3	DGIdb
CSPG4	DGIdb
GRK5	DGIdb
KLKB1	DGIdb
NFATC1	DGIdb
SIRT4	DGIdb
CD36	DGIdb
KCNQ2	DGIdb
HSPG2	DGIdb
CD70	DGIdb
PRKDC	DGIdb
CYP26C1	DGIdb
SERPIND1	DGIdb
TBXT	DGIdb
ATP5F1D	DGIdb
CRBN	DGIdb
PRSS1	DGIdb
LPAR3	DGIdb
KISS1	DGIdb
CTSO	DGIdb
GNGT1	DGIdb
FMO5	DGIdb
CA14	DGIdb
ATP6V1C1	DGIdb
CYP7A1	DGIdb
RHOG	DGIdb
RAPGEF1	DGIdb
DPAGT1	DGIdb
EMX1	DGIdb
EMP3	DGIdb
ARR3	DGIdb
ARSB	DGIdb
DLX6	DGIdb
EBVM1	DGIdb
AMELX	DGIdb
ACTN4	DGIdb
NAT1	DGIdb
LGR6	DGIdb
DRD5P1	DGIdb
DRD5P2	DGIdb
ANXA2P2	DGIdb
ATP1A3	DGIdb
GYPB	DGIdb
FBN2	DGIdb
AP2M1	DGIdb
DNM2	DGIdb
DNCM	DGIdb
ECM2	DGIdb
DHX9	DGIdb
PKD2L1	DGIdb
FKBP1AP1	DGIdb
GNG10	DGIdb
BTF3P11	DGIdb
STMN1	DGIdb
CASP8	DGIdb
LPAR4	DGIdb
HIP1	DGIdb
ETV5	DGIdb
FSIP1	DGIdb
ACTBP6	DGIdb
CDC5L	DGIdb
E4F1	DGIdb
GLRX	DGIdb
GLE1	DGIdb
SMARCB1	DGIdb
GPER1	DGIdb
COL18A1	DGIdb
BVR1	DGIdb
CDH12P2	DGIdb
BUB1B	DGIdb
TRPM6	DGIdb
HLA-G	DGIdb
DTX1	DGIdb
HGD	DGIdb
ACTG1P1	DGIdb
LINC00473	DGIdb
UQCRB	DGIdb
COX11	DGIdb
DUSP2	DGIdb
APOBEC1	DGIdb
ACLY	DGIdb
CXCR3	DGIdb
F2RL2	DGIdb
FABP2	DGIdb
BIRC7	DGIdb
ATP2C1	DGIdb
BCHEL1	DGIdb
GPR183	DGIdb
ZBTB4	DGIdb
KCNV2	DGIdb
LAMA3	DGIdb
SLC6A1	DGIdb
GLI3	DGIdb
GLRA2	DGIdb
CHRFAM7A	DGIdb
OPN1MW	DGIdb
ARHGAP5	DGIdb
CLMN	DGIdb
HBA2	DGIdb
DKC1	DGIdb
PSORS1C3	DGIdb
CR2	DGIdb
CDH23	DGIdb
NR2E1	DGIdb
PSMA3	DGIdb
MMP8	DGIdb
ARVD4	DGIdb
CRKL	DGIdb
GDI2P1	DGIdb
COMP	DGIdb
CROT	DGIdb
IL20	DGIdb
AMPD2	DGIdb
ACSL3	DGIdb
MIR1912	DGIdb
LRBA	DGIdb
TUT7	DGIdb
FAP	DGIdb
PSMA4	DGIdb
DUT	DGIdb
KCNS3	DGIdb
CTTN	DGIdb
KCNH8	DGIdb
ENSA	DGIdb
ACTN2	DGIdb
TRH	DGIdb
NAAA	DGIdb
FRA13C	DGIdb
LGR5	DGIdb
COL5A1	DGIdb
SENP2	DGIdb
AMD1P2	DGIdb
FRA5C	DGIdb
FRA15A	DGIdb
CA3	DGIdb
GSC	DGIdb
DIO1	DGIdb
COL5A2	DGIdb
CHRNG	DGIdb
DFNA19	DGIdb
BRAFPS1	DGIdb
PSMA7	DGIdb
PSMC1	DGIdb
PSMD13	DGIdb
PSMD2	DGIdb
PSMD6	DGIdb
PSMA8	DGIdb
PSMD11	DGIdb
PSMB10	DGIdb
PRKCI	DGIdb
KCNB2	DGIdb
ABCC9	DGIdb
IL5	DGIdb
IFNA8	DGIdb
IFNA6	DGIdb
HBA1	DGIdb
FRA1M	DGIdb
FGF1	DGIdb
C5	DGIdb
CD79A	DGIdb
VCP	DGIdb
PLIN1	DGIdb
AMOT	DGIdb
AMELY	DGIdb
GZMB	DGIdb
NEU3	DGIdb
HIF1AN	DGIdb
ASGR2	DGIdb
CMM	DGIdb
GPR31	DGIdb
HKDC1	DGIdb
HNRNPA2B1	DGIdb
PPM1D	DGIdb
PRKAG1	DGIdb
GRK2	DGIdb
FOXO3	DGIdb
GALK1	DGIdb
CDA	DGIdb
CST3	DGIdb
CXCL2	DGIdb
FLG	DGIdb
FPGS	DGIdb
GAS6	DGIdb
H2AX	DGIdb
LIPE	DGIdb
MC2R	DGIdb
MICA	DGIdb
PPY	DGIdb
PTPN13	DGIdb
PYGM	DGIdb
PTP4A1	DGIdb
SAA1	DGIdb
SLC16A1	DGIdb
ERPL1	DGIdb
TJP1	DGIdb
TNFSF10	DGIdb
VIM	DGIdb
ERV3-1	DGIdb
C9ORF72	DGIdb
HCN1	DGIdb
NCF4	DGIdb
CXCL13	DGIdb
MIR1264	DGIdb
RUNDC3B	DGIdb
CRY1	DGIdb
SCNN1G	DGIdb
SRP19	DGIdb
DCTN1	DGIdb
CORO7	DGIdb
PLCG1	DGIdb
SLC22A7	DGIdb
PRDM16	DGIdb
SLC6A12	DGIdb
KLC3	DGIdb
ABCC5	DGIdb
HMMR	DGIdb
CNNM2	DGIdb
MOGAT2	DGIdb
GREM2	DGIdb
STX4	DGIdb
CALU	DGIdb
EPM2AIP1	DGIdb
UGT2A1	DGIdb
DNAAF9	DGIdb
BCL2L11	DGIdb
COLEC10	DGIdb
NPC1L1	DGIdb
TRAC	DGIdb
FSHMD1A	DGIdb
BMP5	DGIdb
TMEM167A	DGIdb
DLG5	DGIdb
OSGEP	DGIdb
CHN2	DGIdb
OASL	DGIdb
HNRNPH2	DGIdb
SLIT1	DGIdb
HLA-DRB4	DGIdb
SLC47A1	DGIdb
CYP26B1	DGIdb
CHRNA9	DGIdb
CD276	DGIdb
TYRP1	DGIdb
PLAT	DGIdb
NDUFA13	DGIdb
ATD	DGIdb
KIR2DL3	DGIdb
VSIR	DGIdb
CTD	DGIdb
CRABP2	DGIdb
BTG1	DGIdb
ADAM3B	DGIdb
DBI	DGIdb
CTSF	DGIdb
RHOB	DGIdb
FOLR2L	DGIdb
GPR39	DGIdb
GMPR	DGIdb
ZBTB48	DGIdb
E2F4	DGIdb
ACTG1P7	DGIdb
FRA1C	DGIdb
FRA1A	DGIdb
BCL9	DGIdb
CRYGGP	DGIdb
CYP4A11	DGIdb
DAPK1	DGIdb
ARSC2	DGIdb
ART1	DGIdb
ARSD	DGIdb
ART2P	DGIdb
GPR36	DGIdb
ALPP	DGIdb
ACTL6A	DGIdb
ACTL5	DGIdb
DPH2	DGIdb
AEBP1	DGIdb
BRS3	DGIdb
BNIP1	DGIdb
FRA2D	DGIdb
EXT2	DGIdb
HOXD10	DGIdb
CD74	DGIdb
ASCL1	DGIdb
ATP7B	DGIdb
CMKLR1	DGIdb
GGTL2	DGIdb
ESB3	DGIdb
CTNNA2	DGIdb
ERCC5	DGIdb
ERVK2	DGIdb
DCT	DGIdb
ECI1	DGIdb
HLCS	DGIdb
ATHS	DGIdb
GPM6A	DGIdb
GALNT2	DGIdb
GLUD1P5	DGIdb
FABP1	DGIdb
CSE1L	DGIdb
FABP3	DGIdb
CTBS	DGIdb
CTAA2	DGIdb
OPN1SW	DGIdb
FRA5A	DGIdb
GBA1LP	DGIdb
APRT	DGIdb
CD5L	DGIdb
GJB3	DGIdb
GAST	DGIdb
FCAR	DGIdb
HPFH2	DGIdb
TEAD4	DGIdb
FGF12	DGIdb
ARHGAP1	DGIdb
ATP5F1AP2	DGIdb
ANXA2P3	DGIdb
RICTOR	DGIdb
ATRX	DGIdb
TFF3	DGIdb
PDCD1LG2	DGIdb
PTPRF	DGIdb
BAP1	DGIdb
PTP4A3	DGIdb
KDM5C	DGIdb
SLC38A2	DGIdb
ETV4	DGIdb
TAOK1	DGIdb
KIR2DL1	DGIdb
ERCC2	DGIdb
CYP2A7	DGIdb
DLK1	DGIdb
ERVT3	DGIdb
BMP2	DGIdb
NPPA-AS1	DGIdb
DOCK3	DGIdb
PGP	DGIdb
PSMC3	DGIdb
CYBA	DGIdb
HNRNPAB	DGIdb
NR0B1	DGIdb
MCOLN3	DGIdb
HOXD13	DGIdb
FGR	DGIdb
TIRAP	DGIdb
MAP3K11	DGIdb
SYT2	DGIdb
MTNR1B	DGIdb
DBIL3	DGIdb
SLC5A6	DGIdb
NPBWR1	DGIdb
GALT	DGIdb
IKZF1	DGIdb
FBP2	DGIdb
ZEB1	DGIdb
SV2A	DGIdb
HOXD@	DGIdb
LUM	DGIdb
KCNA3	DGIdb
NQO2	DGIdb
H4F3	DGIdb
DSE	DGIdb
BCOR	DGIdb
FGF3	DGIdb
PGA5	DGIdb
LAMA5	DGIdb
LAMA4	DGIdb
COL4A3	DGIdb
COL6A6	DGIdb
COL6A1	DGIdb
FZD8	DGIdb
PRKD1	DGIdb
KCNS1	DGIdb
KCNH4	DGIdb
KCND1	DGIdb
KCNB1	DGIdb
MYL7	DGIdb
RHD	DGIdb
MCAM	DGIdb
CR1	DGIdb
TNKS2	DGIdb
TIGIT	DGIdb
IL1RL2	DGIdb
TLE3	DGIdb
SMARCA2	DGIdb
ETS2	DGIdb
ERAP2	DGIdb
UBA2	DGIdb
PRKG2	DGIdb
EIF5AP3	DGIdb
VPS35	DGIdb
RASGRP3	DGIdb
RGS12	DGIdb
PMM2	DGIdb
MAP2K3	DGIdb
BHLHE40	DGIdb
CEACAM1	DGIdb
PKN3	DGIdb
DIABLO	DGIdb
POLR3A	DGIdb
EZR	DGIdb
GALR1	DGIdb
MT1E	DGIdb
MT1IP	DGIdb
PAEP	DGIdb
SLC4A8	DGIdb
PLAUR	DGIdb
GRINA	DGIdb
SHBG	DGIdb
SOAT1	DGIdb
LEPR	DGIdb
FAM177A1	DGIdb
OR52E2	DGIdb
P3H3	DGIdb
ZNF565	DGIdb
ZNF211	DGIdb
TP53AIP1	DGIdb
PRKAB2	DGIdb
SPTA1	DGIdb
RGS5	DGIdb
ECHS1	DGIdb
WNT5B	DGIdb
NFATC2	DGIdb
RALBP1	DGIdb
CFHR4	DGIdb
CHIA	DGIdb
HLA-DPB2	DGIdb
IVL	DGIdb
CYP4F11	DGIdb
CEP68	DGIdb
RHBDF2	DGIdb
PDHB	DGIdb
PDK3	DGIdb
CLCA1	DGIdb
RAMP2	DGIdb
STING1	DGIdb
IL17F	DGIdb
IL22	DGIdb
MMUT	DGIdb
CEACAM3	DGIdb
GCH1	DGIdb
DKK1	DGIdb
CXCL1	DGIdb
ACADL	DGIdb
C1QBP	DGIdb
RHOC	DGIdb
CTSH	DGIdb
CPD	DGIdb
TNFRSF25	DGIdb
DARS1	DGIdb
DSC1	DGIdb
SLC29A2	DGIdb
FZD4	DGIdb
GRIK3	DGIdb
CD24P2	DGIdb
CD24P1	DGIdb
ACADVL	DGIdb
SLCO4C1	DGIdb
DMTN	DGIdb
LNPEP	DGIdb
GALNT3	DGIdb
AMPH	DGIdb
KAT6B	DGIdb
GDI1	DGIdb
AMYP1	DGIdb
NR2F6	DGIdb
GAS8-AS1	DGIdb
FGD1	DGIdb
EBVS1	DGIdb
ATF3	DGIdb
MECOM	DGIdb
DNA2	DGIdb
COL9A3	DGIdb
FRA3D	DGIdb
SLC36A2	DGIdb
CLTC	DGIdb
NIPSNAP2	DGIdb
PTPRM	DGIdb
STK4	DGIdb
FUSE	DGIdb
HBG2	DGIdb
GBP1	DGIdb
GK4P	DGIdb
GPC4	DGIdb
FGF13	DGIdb
DNM1	DGIdb
FRA8E	DGIdb
FH	DGIdb
MDM4	DGIdb
PTPN12	DGIdb
STAG2	DGIdb
VPS37A	DGIdb
SLC38A4	DGIdb
LATS2	DGIdb
KCNA2	DGIdb
BCAR1	DGIdb
PIP4K2A	DGIdb
MIR4278	DGIdb
AMACR	DGIdb
CCHCR1	DGIdb
HIVEP1	DGIdb
BCL2L10	DGIdb
UGT2B17	DGIdb
RAC2	DGIdb
BCL2L2	DGIdb
CA7	DGIdb
TOB1	DGIdb
PSMD3	DGIdb
APLN	DGIdb
SIGLEC8	DGIdb
PPP3CC	DGIdb
COL2A1	DGIdb
ACTR2	DGIdb
ASIP	DGIdb
ITIH3	DGIdb
E2F3	DGIdb
CAPN1	DGIdb
UGT2B4	DGIdb
C8A	DGIdb
NPIPB8	DGIdb
ALDH1A2	DGIdb
ARVCF	DGIdb
BTS1	DGIdb
PSEN2	DGIdb
ERVK-10	DGIdb
P2RY11	DGIdb
TBC1D1	DGIdb
CCNK	DGIdb
COL3A1	DGIdb
COL28A1	DGIdb
PRIM2	DGIdb
PSMC5	DGIdb
EPHB4	DGIdb
LY96	DGIdb
IFNA5	DGIdb
IFNA7	DGIdb
PPIA	DGIdb
KLB	DGIdb
GRB14	DGIdb
NOX1	DGIdb
CACNG6	DGIdb
APLNR	DGIdb
ENPP2	DGIdb
EPAS1	DGIdb
SOD1	DGIdb
CDK5R1	DGIdb
FER	DGIdb
ADCY5	DGIdb
IKBKE	DGIdb
POLG	DGIdb
ATIC	DGIdb
CNTFR	DGIdb
CDH1	DGIdb
LPO	DGIdb
NEUROD1	DGIdb
PRKAR2B	DGIdb
RAB5A	DGIdb
TGFBR3	DGIdb
TPK1	DGIdb
STXBP2	DGIdb
CYB5R1	DGIdb
MECP2	DGIdb
SLC26A8	DGIdb
NT5C1A	DGIdb
MYO1H	DGIdb
FXR2	DGIdb
FARP2	DGIdb
ETFDH	DGIdb
OPCML	DGIdb
PNPLA3	DGIdb
ZNF134	DGIdb
PIGM	DGIdb
MYLIP	DGIdb
STAT4	DGIdb
DTNBP1	DGIdb
PSORS1C2	DGIdb
TRIB2	DGIdb
CFLAR	DGIdb
NOTCH4	DGIdb
TSHZ2	DGIdb
CCL25	DGIdb
CPOX	DGIdb
OAS1	DGIdb
ARID5B	DGIdb
TRAT1	DGIdb
EPM2A	DGIdb
MEGF11	DGIdb
EXO1	DGIdb
TCL1A	DGIdb
CENPE	DGIdb
SELL	DGIdb
CRAT	DGIdb
EBM	DGIdb
PPCDC	DGIdb
LIFR	DGIdb
CYP11B2	DGIdb
KCNN3	DGIdb
RPL34	DGIdb
KCNJ10	DGIdb
ADH5	DGIdb
MERTK	DGIdb
CASP14	DGIdb
ITGA2	DGIdb
MAS1	DGIdb
CFD	DGIdb
CD6	DGIdb
FFAR2	DGIdb
PREP	DGIdb
TPP1	DGIdb
COL1AR	DGIdb
HELLS	DGIdb
UBE2K	DGIdb
HNRNPH1	DGIdb
ARHGDIA	DGIdb
FRA1D	DGIdb
FNTA	DGIdb
GLG1	DGIdb
CDK19	DGIdb
COX6A1	DGIdb
COX7A2P2	DGIdb
SLC1A7	DGIdb
ART3	DGIdb
EPHA5	DGIdb
BPI	DGIdb
ESAT	DGIdb
ESD	DGIdb
GADD45A	DGIdb
ATP12A	DGIdb
SLC15A3	DGIdb
CSTB	DGIdb
GOLGA1	DGIdb
ACSL1	DGIdb
GOLGA2	DGIdb
HOXA5	DGIdb
FKBP1AP3	DGIdb
TSC2	DGIdb
RASA1	DGIdb
RIT1	DGIdb
FLCN	DGIdb
KCNG3	DGIdb
KCNN1	DGIdb
DGKA	DGIdb
PPAT	DGIdb
MAG	DGIdb
CD83	DGIdb
HLA-DMB	DGIdb
IL21	DGIdb
CREBL2	DGIdb
PLA2G6	DGIdb
PRKACB	DGIdb
IL22RA1	DGIdb
FPR3	DGIdb
PI4KA	DGIdb
MYL2	DGIdb
LAMA2	DGIdb
KCNG2	DGIdb
BRD10	DGIdb
GADD45G	DGIdb
EGLN3	DGIdb
KIR2DS2	DGIdb
MYH7	DGIdb
SLC12A4	DGIdb
COX5BP1	DGIdb
SIRT6	DGIdb
GSTO1	DGIdb
OXT	DGIdb
FRA7J	DGIdb
STAG3	DGIdb
PLA2G5	DGIdb
ATF2	DGIdb
FRA2E	DGIdb
GZMA	DGIdb
POLR3G	DGIdb
CLU	DGIdb
SH2B3	DGIdb
LAMB1	DGIdb
LAMC3	DGIdb
LAMB4	DGIdb
PSMD10	DGIdb
KCNK10	DGIdb
KCNC3	DGIdb
MYH6	DGIdb
MYH7B	DGIdb
TNKS	DGIdb
KDM1A	DGIdb
IL1RL1	DGIdb
NR2F2	DGIdb
POLL	DGIdb
PHOSPHO1	DGIdb
P2RY4	DGIdb
ADCY9	DGIdb
PHKG2	DGIdb
LRRC59	DGIdb
TCIM	DGIdb
CARD9	DGIdb
CDKN2D	DGIdb
DHPS	DGIdb
EIF2AK2	DGIdb
FADD	DGIdb
GHRH	DGIdb
INHBE	DGIdb
KCNJ3	DGIdb
JUND	DGIdb
KRT18	DGIdb
MIR125B2	DGIdb
PDHX	DGIdb
RLN2	DGIdb
RNF112	DGIdb
WWOX	DGIdb
SH2D1A	DGIdb
RAB27A	DGIdb
FCGR2A	DGIdb
CYP2A7P1	DGIdb
ARHGAP12	DGIdb
AOX1	DGIdb
CARD16	DGIdb
ATP2A1	DGIdb
XRCC3	DGIdb
FIP1L1	DGIdb
PCYT1A	DGIdb
NLGN1	DGIdb
CMPK1	DGIdb
YAP1	DGIdb
TWIST1	DGIdb
CYP2R1	DGIdb
IFIT1	DGIdb
TAOK3	DGIdb
PDK4	DGIdb
CDH2	DGIdb
FBP1	DGIdb
PGA3	DGIdb
PLA2G10	DGIdb
LIPF	DGIdb
PTPA	DGIdb
FSCN1	DGIdb
PDE8B	DGIdb
PPP1CB	DGIdb
ANGPTL3	DGIdb
KCNT2	DGIdb
SCT	DGIdb
NPTX2	DGIdb
IFNL1	DGIdb
PLD2	DGIdb
GUCY2D	DGIdb
NEDD8	DGIdb
CD52	DGIdb
EEF1B2P2	DGIdb
GPR21	DGIdb
GPR22	DGIdb
EEGV1	DGIdb
DNMT3B	DGIdb
FRA20A	DGIdb
ELF2	DGIdb
HRG	DGIdb
FNZ	DGIdb
EIF4EP1	DGIdb
EIF4EBP2	DGIdb
EIF4G2	DGIdb
ENO3	DGIdb
CLDN3	DGIdb
COX5BP3	DGIdb
COX4I1	DGIdb
CRIP2	DGIdb
FRA1F	DGIdb
ALS3	DGIdb
DLST	DGIdb
HOXC5	DGIdb
ACTG1P10	DGIdb
ATP5MC2P1	DGIdb
ATP5PO	DGIdb
STX2	DGIdb
GAMT	DGIdb
CTNS	DGIdb
HK3	DGIdb
FRA4C	DGIdb
COL8A2	DGIdb
COL9A1	DGIdb
COL13A1	DGIdb
DVL2	DGIdb
FCN1	DGIdb
CTSLP2	DGIdb
HPCAL1	DGIdb
NR2C2	DGIdb
ATP5A2	DGIdb
E2F2	DGIdb
FRA9B	DGIdb
FUT6	DGIdb
MYD88	DGIdb
ASNS	DGIdb
SOX10	DGIdb
PREX2	DGIdb
TNFRSF12A	DGIdb
IFNA4	DGIdb
IFNA16	DGIdb
NECTIN4	DGIdb
NPR3	DGIdb
BBOX1	DGIdb
GGPS1	DGIdb
SLC6A15	DGIdb
CYTH2	DGIdb
HNRNPA1	DGIdb
PRRT2	DGIdb
INHBA	DGIdb
ETV6	DGIdb
FCGR1A	DGIdb
TAC3	DGIdb
B4GALT2	DGIdb
PRF1	DGIdb
JMJD8	DGIdb
GRAMD1B	DGIdb
SLC17A3	DGIdb
SCARB1	DGIdb
OR52J2P	DGIdb
RRP7A	DGIdb
ZDHHC7	DGIdb
TAPBP	DGIdb
YBX1	DGIdb
KRTAP10-4	DGIdb
GALNT14	DGIdb
PPOX	DGIdb
SLC22A16	DGIdb
PPP2R5D	DGIdb
TSPEAR	DGIdb
RFK	DGIdb
GLDC	DGIdb
IL12RB2	DGIdb
EPRS1	DGIdb
VAMP2	DGIdb
FLNA	DGIdb
SLC44A4	DGIdb
NPTXR	DGIdb
MARCKS	DGIdb
AHSA1	DGIdb
HAMP	DGIdb
KIF5B	DGIdb
ROR1	DGIdb
FRA10E	DGIdb
FRA17A	DGIdb
FKBP2	DGIdb
CCDC6	DGIdb
GMFB	DGIdb
ACTBP5	DGIdb
AFF2	DGIdb
RPS15	DGIdb
RPS6	DGIdb
RPS2	DGIdb
POLR3D	DGIdb
RPS3	DGIdb
RPS18	DGIdb
ASD1	DGIdb
E2F3P1	DGIdb
RPL38	DGIdb
GGT3P	DGIdb
RPLP1	DGIdb
GGTA1	DGIdb
RPL36	DGIdb
FRA2K	DGIdb
FRA6D	DGIdb
CMTX3	DGIdb
CTBP1	DGIdb
FANCA	DGIdb
HOXA6	DGIdb
GOLGA3	DGIdb
PIGW	DGIdb
SF3B3	DGIdb
RHEB	DGIdb
RPS8	DGIdb
CSNK1E	DGIdb
NRG2	DGIdb
MIR4268	DGIdb
GUCA2B	DGIdb
ACO1	DGIdb
DEPTOR	DGIdb
RPL11	DGIdb
RPS17	DGIdb
LRRC32	DGIdb
CYP3A51P	DGIdb
UOX	DGIdb
SLCO3A1	DGIdb
PSME3	DGIdb
E2F5	DGIdb
TNFRSF9	DGIdb
GPT	DGIdb
PISD	DGIdb
RPL35A	DGIdb
CSMD1	DGIdb
PGAP6	DGIdb
FKBP1AP4	DGIdb
CAMK1	DGIdb
NBEA	DGIdb
SLC15A1	DGIdb
RPL29	DGIdb
AHRR	DGIdb
RPL3	DGIdb
FRV1	DGIdb
ATP1A2	DGIdb
ATP1B2	DGIdb
IL9	DGIdb
PRDX1	DGIdb
RPS9	DGIdb
RPL8	DGIdb
RPS28	DGIdb
RPL30	DGIdb
RPL37A	DGIdb
RPS11	DGIdb
RPL9P8	DGIdb
RPL27	DGIdb
RPS21	DGIdb
RPL18A	DGIdb
RPL26	DGIdb
RPS7	DGIdb
RPL21	DGIdb
RPL6	DGIdb
RPL4	DGIdb
RPL27A	DGIdb
GRM4	DGIdb
UTRN	DGIdb
RGMA	DGIdb
TNFSF14	DGIdb
FANCD2	DGIdb
CLK3	DGIdb
TSSK2	DGIdb
CDC37	DGIdb
PADI1	DGIdb
CLCN3	DGIdb
F12	DGIdb
POLR2A	DGIdb
CLK1	DGIdb
NLRP3	DGIdb
MAPKAP1	DGIdb
PDGFC	DGIdb
ADSS2	DGIdb
CEACAM6	DGIdb
DEFA1	DGIdb
GPD2	DGIdb
INPP1	DGIdb
JAG1	DGIdb
KRT17	DGIdb
MT1H	DGIdb
NPPA	DGIdb
SFTPB	DGIdb
SMTN	DGIdb
TBP	DGIdb
THBD	DGIdb
FMO1	DGIdb
ZNF613	DGIdb
BAG6	DGIdb
PRSS53	DGIdb
CFAP44	DGIdb
CYP4B1	DGIdb
TAAR6	DGIdb
TRDN	DGIdb
ITPA	DGIdb
CSRNP3	DGIdb
MIR4481	DGIdb
TBC1D32	DGIdb
ZNF542P	DGIdb
DCTD	DGIdb
GSTM5	DGIdb
SLC22A9	DGIdb
CELSR2	DGIdb
SREBF1	DGIdb
CXCL5	DGIdb
SFRP5	DGIdb
EIF4E2	DGIdb
DSCAM	DGIdb
MLN	DGIdb
SEMA3C	DGIdb
KCNJ6	DGIdb
ADCK1	DGIdb
MAGEA12	DGIdb
EGFL7	DGIdb
IPO8	DGIdb
CCNG1	DGIdb
PYY	DGIdb
CYP51A1	DGIdb
MC5R	DGIdb
ADAMTS4	DGIdb
CTH	DGIdb
IL24	DGIdb
CARTPT	DGIdb
GRPR	DGIdb
CRYGD	DGIdb
P2RX4	DGIdb
CTSA	DGIdb
DCPS	DGIdb
CLEC12A	DGIdb
DRAM1	DGIdb
FDXR	DGIdb
RSPO1	DGIdb
KCNN4	DGIdb
CYP46A1	DGIdb
REG1A	DGIdb
S100B	DGIdb
RPS6KA2	DGIdb
RPS27	DGIdb
TMSB10	DGIdb
TICAM1	DGIdb
XRCC5	DGIdb
KDM6A	DGIdb
ABCB5	DGIdb
ANKK1	DGIdb
SLC6A5	DGIdb
GSS	DGIdb
PGM1	DGIdb
BRD7	DGIdb
EFNB3	DGIdb
COX5B	DGIdb
CLDN7	DGIdb
CCNH	DGIdb
DSC3	DGIdb
H2BC5	DGIdb
ENO1P1	DGIdb
PHOX2A	DGIdb
ARL2	DGIdb
GPR32	DGIdb
ADARB1	DGIdb
ITPR1	DGIdb
MYLK4	DGIdb
PTTG1	DGIdb
DUSP5	DGIdb
CD84	DGIdb
GRK6P1	DGIdb
HOXC@	DGIdb
COL8A1	DGIdb
EZH1	DGIdb
GPR34	DGIdb
PCSK5	DGIdb
SRPRB	DGIdb
STK10	DGIdb
CARS1	DGIdb
MYOCD	DGIdb
GCF1	DGIdb
TMX2	DGIdb
CRLF2	DGIdb
MAFK	DGIdb
GRIK1-AS2	DGIdb
CADM2	DGIdb
IAPP	DGIdb
KIRREL2	DGIdb
NKAIN3	DGIdb
ACY3	DGIdb
PECAM1	DGIdb
RRP1B	DGIdb
SLC25A31	DGIdb
RPS14	DGIdb
H19	DGIdb
TNFRSF10A	DGIdb
CEACAM7	DGIdb
CAPG	DGIdb
GLC3B	DGIdb
RPL18	DGIdb
ANKRD30B	DGIdb
GAPDHL17	DGIdb
ARL3	DGIdb
RPL36A	DGIdb
LRP1	DGIdb
SEMA4D	DGIdb
DNTT	DGIdb
TMEM258	DGIdb
GRN	DGIdb
RAD51	DGIdb
DAG1	DGIdb
SLC14A2	DGIdb
RPS26	DGIdb
GAPDHP60	DGIdb
RPL23	DGIdb
SRSF10	DGIdb
SULT1C4	DGIdb
ELF3	DGIdb
SLC2A2	DGIdb
GPR18	DGIdb
SCN1B	DGIdb
SGSM3	DGIdb
SERPINB3	DGIdb
BACE2	DGIdb
MCR	DGIdb
RPL9P7	DGIdb
GLUD1	DGIdb
LONP1	DGIdb
DAO	DGIdb
DEFA5	DGIdb
HTRA1	DGIdb
DES	DGIdb
PDE7A	DGIdb
DDB1	DGIdb
NISCH	DGIdb
TNFSF4	DGIdb
RTN4	DGIdb
HSD11B2	DGIdb
RPS5	DGIdb
RPL24	DGIdb
RPL13A	DGIdb
RPL9	DGIdb
RPL13	DGIdb
RPS15A	DGIdb
RPS16	DGIdb
TNFRSF13C	DGIdb
PKLR	DGIdb
KHSRP	DGIdb
DCLK1	DGIdb
S100A4	DGIdb
MAPKAPK3	DGIdb
AKT1S1	DGIdb
PSMD4P1	DGIdb
PSMC3IP	DGIdb
PSMD9	DGIdb
PSMD10P3	DGIdb
PSMF1	DGIdb
ABCG4	DGIdb
CCL28	DGIdb
CD244	DGIdb
CDH17	DGIdb
IFI27	DGIdb
MTAP	DGIdb
POSTN	DGIdb
PTGDS	DGIdb
PXN	DGIdb
PZP	DGIdb
SDHB	DGIdb
SERPINA5	DGIdb
SLC1A3	DGIdb
TNFAIP1	DGIdb
SORT1	DGIdb
CLCN6	DGIdb
IL22RA2	DGIdb
SUGCT	DGIdb
MTR	DGIdb
UHRF1	DGIdb
ARF1	DGIdb
C18ORF21	DGIdb
TAFA5	DGIdb
UGT1A	DGIdb
RBFOX1	DGIdb
ZNF100	DGIdb
LILRB5	DGIdb
DMPK	DGIdb
IGFBP7	DGIdb
CDKN2B-AS1	DGIdb
KL	DGIdb
MMP10	DGIdb
SPECC1L	DGIdb
NALCN	DGIdb
LINC00251	DGIdb
MISP	DGIdb
APBB1IP	DGIdb
NIPAL2	DGIdb
UGT2B@	DGIdb
SLC29A4	DGIdb
NEDD4	DGIdb
RBMS3	DGIdb
DOK5	DGIdb
KIF6	DGIdb
MARCHF1	DGIdb
MEX3C	DGIdb
MIR107	DGIdb
ANKS1B	DGIdb
MGAT4A	DGIdb
PEAR1	DGIdb
IGF2R	DGIdb
VCAM1	DGIdb
SAG	DGIdb
SCN2B	DGIdb
ITGB6	DGIdb
CAMLG	DGIdb
TGFBR2	DGIdb
L1CAM	DGIdb
RGS16	DGIdb
PROKR1	DGIdb
PFKFB3	DGIdb
GLC1C	DGIdb
PTK6	DGIdb
SCYL1	DGIdb
EGR2	DGIdb
FSHB	DGIdb
FOSB	DGIdb
OGFR	DGIdb
TFF1	DGIdb
ACTBP7	DGIdb
CRIPTO	DGIdb
CD8A	DGIdb
C4B	DGIdb
C4BPA	DGIdb
C2	DGIdb
OSGIN2	DGIdb
C8G	DGIdb
ACT	DGIdb
EIF4B	DGIdb
IFNR	DGIdb
TRBC1	DGIdb
UBC	DGIdb
RPSA2	DGIdb
EBF1	DGIdb
USP7	DGIdb
HPE1	DGIdb
NPBWR2	DGIdb
DAXX	DGIdb
GLB1	DGIdb
GLC1B	DGIdb
ACTBP4	DGIdb
FRA1E	DGIdb
GPR27	DGIdb
HOXB6	DGIdb
ELK4	DGIdb
DSP	DGIdb
EPYC	DGIdb
ADGRE1	DGIdb
CCA1	DGIdb
ENUR1	DGIdb
ADH6	DGIdb
GPR61	DGIdb
ITGA9	DGIdb
ASMT	DGIdb
ASPA	DGIdb
KMT5A	DGIdb
GGTL1	DGIdb
ERV1	DGIdb
EVPL	DGIdb
GPR37	DGIdb
GPX3	DGIdb
APOA2	DGIdb
FRA4E	DGIdb
FABP7	DGIdb
CTSW	DGIdb
FRA7F	DGIdb
CRYBB2P1	DGIdb
FCGR1BP	DGIdb
HNRNPH3	DGIdb
ATP2B4	DGIdb
CDKN2C	DGIdb
GUSB	DGIdb
MYRF	DGIdb
BNC1	DGIdb
BOK	DGIdb
FOXC2	DGIdb
ATP5MC1	DGIdb
ATP5PB	DGIdb
PCBD1	DGIdb
PVALB	DGIdb
KCNJ9	DGIdb
RPL17	DGIdb
AP2B1	DGIdb
RPL39	DGIdb
ELK1	DGIdb
BHMT2	DGIdb
H1-0	DGIdb
SLC9A9	DGIdb
RPL12	DGIdb
SCAP	DGIdb
PTPRZ1	DGIdb
PYGL	DGIdb
NRG3	DGIdb
TNFRSF10C	DGIdb
ATP8B1	DGIdb
PIM2	DGIdb
FRA2B	DGIdb
PAPPA	DGIdb
EMX2	DGIdb
TPT1	DGIdb
GYPE	DGIdb
RPLP0	DGIdb
RPS24	DGIdb
RPL7	DGIdb
BMP7	DGIdb
CYP20A1	DGIdb
ETV3	DGIdb
ATP1B3	DGIdb
RPS27A	DGIdb
RPL37	DGIdb
RPL41	DGIdb
RPS4X	DGIdb
RPS4Y1	DGIdb
RPS25	DGIdb
RPS23	DGIdb
RPL10A	DGIdb
FTH1P2	DGIdb
RPL14	DGIdb
RPL32	DGIdb
RPL31	DGIdb
E2F6	DGIdb
LGR4	DGIdb
ERVW-1	DGIdb
MAP3K8	DGIdb
FRA7E	DGIdb
NLRP1	DGIdb
USP5	DGIdb
FAUNA@	DGIdb
SPTLC3	DGIdb
CYLC1	DGIdb
PADI4	DGIdb
NPFFR2	DGIdb
IDE	DGIdb
PADI2	DGIdb
CUBN	DGIdb
EMP2	DGIdb
GPX1	DGIdb
ITGA11	DGIdb
ITGAX	DGIdb
KRT20	DGIdb
MATK	DGIdb
NFKBIL1	DGIdb
BCAT2	DGIdb
PAPOLA	DGIdb
RNASEH2A	DGIdb
S100A10	DGIdb
SP3	DGIdb
U2AF1	DGIdb
LRMDA	DGIdb
APOBEC3B	DGIdb
NUP62	DGIdb
ATF5	DGIdb
MRPL47	DGIdb
PACSIN2	DGIdb
AGXT	DGIdb
EPHA6	DGIdb
NOC3L	DGIdb
ATP10A	DGIdb
ACSS3	DGIdb
FASTKD3	DGIdb
DDO	DGIdb
CELF4	DGIdb
HLA-DPA1	DGIdb
CNTF	DGIdb
ABCG8	DGIdb
SHMT1	DGIdb
ASTN2	DGIdb
SF3B1	DGIdb
IPO4	DGIdb
CCNE2	DGIdb
VKORC1L1	DGIdb
ACVR2A	DGIdb
CD200	DGIdb
MYBPC3	DGIdb
SMS	DGIdb
HSPA9	DGIdb
ACVR1C	DGIdb
EIF5	DGIdb
CPA2	DGIdb
ELK3	DGIdb
ENO1	DGIdb
ALDRL2	DGIdb
MUCL3	DGIdb
GPX1P2	DGIdb
ATP5MC2	DGIdb
BGN	DGIdb
GIPR	DGIdb
FRA3A	DGIdb
PPP1CA	DGIdb
GLO1	DGIdb
PRPS1	DGIdb
IRS2	DGIdb
ASLP1	DGIdb
PRTN3	DGIdb
SLC16A7	DGIdb
DDX12P	DGIdb
CFI	DGIdb
P4HTM	DGIdb
MASP2	DGIdb
BMP10	DGIdb
SNORD68	DGIdb
ETV2	DGIdb
SQSTM1	DGIdb
RCAN1	DGIdb
FGF23	DGIdb
COCH	DGIdb
HMAA	DGIdb
FOXA3	DGIdb
SNAP91	DGIdb
RPS13	DGIdb
MS4A3	DGIdb
IPO7	DGIdb
PDE1A	DGIdb
PDE6B	DGIdb
PDE8A	DGIdb
PDE6H	DGIdb
MAP3K10	DGIdb
RPS3A	DGIdb
RPL23A	DGIdb
AKR1B1P2	DGIdb
SPECC1L-ADORA2A	DGIdb
FCGR1CP	DGIdb
FOSL1	DGIdb
GALC	DGIdb
HOXA9	DGIdb
IHH	DGIdb
IGFBP6	DGIdb
ILF3	DGIdb
IL9R	DGIdb
LHFPL3	DGIdb
MAML3	DGIdb
LTB	DGIdb
MIR6076	DGIdb
SULF2	DGIdb
BAHD1	DGIdb
FGFR1OP2	DGIdb
BDNF-AS	DGIdb
SIAH1	DGIdb
HMOX2	DGIdb
AKR1D1	DGIdb
SQLE	DGIdb
SP1	DGIdb
CLEC4C	DGIdb
CSN1S1	DGIdb
ADAM3A	DGIdb
PLIN2	DGIdb
FBLN2	DGIdb
GTF2I	DGIdb
CRYGA	DGIdb
HOXA13	DGIdb
CRABP1	DGIdb
SGK1	DGIdb
RSPO3	DGIdb
ARL1	DGIdb
GFPT1	DGIdb
COP1	DGIdb
FCN2	DGIdb
LRRC15	DGIdb
GSTP1P1	DGIdb
HYOU1	DGIdb
ERF	DGIdb
TARBP1	DGIdb
SLC18A1	DGIdb
MPPED2	DGIdb
EEF1B2	DGIdb
ACKR4	DGIdb
RCSD1	DGIdb
CD63	DGIdb
FIM1	DGIdb
MT-CYB	DGIdb
HSPA1L	DGIdb
ADIPOQ	DGIdb
VIPR1	DGIdb
PDE6D	DGIdb
MAP3K12	DGIdb
FDFT1	DGIdb
NOTCH3	DGIdb
RPS29	DGIdb
E2F8	DGIdb
IL33	DGIdb
DHX36	DGIdb
CDC25A	DGIdb
KISS1R	DGIdb
SETD7	DGIdb
PDGFD	DGIdb
PSMD10P2	DGIdb
PSMC1P1	DGIdb
PSME2	DGIdb
BCAR3	DGIdb
CORT	DGIdb
ERCC6	DGIdb
HYAL2	DGIdb
MAGEA1	DGIdb
OPLAH	DGIdb
PHEX	DGIdb
S100A2	DGIdb
SLC11A1	DGIdb
SLC16A3	DGIdb
TAGLN	DGIdb
THBS4	DGIdb
CHST3	DGIdb
CDKL5	DGIdb
OTC	DGIdb
RAPGEF5	DGIdb
ACOT7	DGIdb
LHX2	DGIdb
SKOR2	DGIdb
NUP50	DGIdb
SPIDR	DGIdb
MVK	DGIdb
TIGD1	DGIdb
CHL1	DGIdb
LIG3	DGIdb
PDZRN3	DGIdb
MIR23B	DGIdb
PIGF	DGIdb
SGPP1	DGIdb
PGC	DGIdb
SCN3B	DGIdb
PTGIS	DGIdb
CHD1	DGIdb
SCNN1D	DGIdb
TANK	DGIdb
ENPP3	DGIdb
RIGI	DGIdb
MSMB	DGIdb
PPT1	DGIdb
EEF2K	DGIdb
ACKR1	DGIdb
MICU1	DGIdb
ATF6B	DGIdb
CLCN4	DGIdb
TLX1	DGIdb
HOXB5	DGIdb
COX6A1P1	DGIdb
GBX2	DGIdb
MNX1	DGIdb
GAPDHP71	DGIdb
NCAN	DGIdb
FRA12D	DGIdb
FRA11H	DGIdb
FRA11F	DGIdb
FRA13D	DGIdb
IL31RA	DGIdb
EPHA1	DGIdb
BMPR2	DGIdb
BNIP2	DGIdb
ATP6V1A	DGIdb
ADGRB2	DGIdb
HIVEP2	DGIdb
CEBPB	DGIdb
ESA4	DGIdb
ERVT1	DGIdb
ERPL2	DGIdb
KDM4D	DGIdb
GPX2	DGIdb
GK2	DGIdb
CRYGB	DGIdb
CRYBB3	DGIdb
FRA7G	DGIdb
SUFU	DGIdb
HPCA	DGIdb
CEP43	DGIdb
AKR1C4	DGIdb
ZFP91-CNTF	DGIdb
PDGFA	DGIdb
EIF2B1	DGIdb
TANC2	DGIdb
TMSB4X	DGIdb
TAF1	DGIdb
MOCOS	DGIdb
RPS12	DGIdb
EIF4H	DGIdb
NUBPL	DGIdb
LMO2	DGIdb
ACTG1P9	DGIdb
MAP3K13	DGIdb
RPL19	DGIdb
RPL22	DGIdb
HEXA	DGIdb
KYAT1	DGIdb
YWHAG	DGIdb
PADI3	DGIdb
MLST8	DGIdb
DFFB	DGIdb
DOCK10	DGIdb
PAX2	DGIdb
PPIB	DGIdb
PPP1R1B	DGIdb
SLC2A5	DGIdb
SOCS1	DGIdb
TFPI2	DGIdb
SRSF2	DGIdb
ZNF423	DGIdb
NUP153	DGIdb
SORCS2	DGIdb
TTK	DGIdb
RGS17	DGIdb
SYNE3	DGIdb
LST1	DGIdb
CTNNA3	DGIdb
SACM1L	DGIdb
CES1P1	DGIdb
CAPN10	DGIdb
INSRR	DGIdb
IPO13	DGIdb
CD247	DGIdb
RARRES1	DGIdb
DDX5	DGIdb
GAPDHP69	DGIdb
CSRP2P1	DGIdb
AMFR	DGIdb
MEGF6	DGIdb
DBN1	DGIdb
HMS1	DGIdb
CASP5	DGIdb
CYP2D7BP	DGIdb
TSC22D3	DGIdb
DSC2	DGIdb
ALDOB	DGIdb
ALDOC	DGIdb
GFRA1	DGIdb
BIK	DGIdb
HINT1	DGIdb
GRB7	DGIdb
SLC47A2	DGIdb
NIM1K	DGIdb
FOXG1	DGIdb
HOXC6	DGIdb
CRYGC	DGIdb
VIPR2	DGIdb
TRX-CAT1-2	DGIdb
UBA1	DGIdb
SRR	DGIdb
RRAS2	DGIdb
SLC38A1	DGIdb
IRF3	DGIdb
CRYZP1	DGIdb
DDHD1	DGIdb
CSK	DGIdb
FOXP3	DGIdb
MAP3K1	DGIdb
CPN2	DGIdb
ADAR	DGIdb
PDYN	DGIdb
CST4	DGIdb
PON1	DGIdb
MAD1L1	DGIdb
GPNMB	DGIdb
CFB	DGIdb
PDE6C	DGIdb
PDE6G	DGIdb
PDE1C	DGIdb
CDK13	DGIdb
CDK14	DGIdb
TNFSF13	DGIdb
RPL7A	DGIdb
CYBB	DGIdb
HSD17B3	DGIdb
PLK2	DGIdb
OPN1LW	DGIdb
PIPSL	DGIdb
PSME4	DGIdb
CD163	DGIdb
ICAM2	DGIdb
IFIT2	DGIdb
MSR1	DGIdb
NCF1	DGIdb
NR6A1	DGIdb
SCG5	DGIdb
SLAMF6	DGIdb
ST13	DGIdb
FGD4	DGIdb
STX1B	DGIdb
PRPF31	DGIdb
SULT1E1	DGIdb
MCPH1	DGIdb
FGF14	DGIdb
N6AMT1	DGIdb
C8ORF34	DGIdb
FTCDNL1	DGIdb
UMOD	DGIdb
IL1RN	DGIdb
CCT3	DGIdb
NOX3	DGIdb
SCN4B	DGIdb
EIF5A	DGIdb
PTMA	DGIdb
GLRA3	DGIdb
HSP90B1	DGIdb
NCL	DGIdb
DDX6	DGIdb
AGTRL2	DGIdb
SERPINB1	DGIdb
COX10	DGIdb
EDAR	DGIdb
ATN1	DGIdb
SLC2A3	DGIdb
GUCA1A	DGIdb
DFNB13	DGIdb
IL15RA	DGIdb
DFNB14	DGIdb
BNIP3L	DGIdb
FRA2F	DGIdb
MMP16	DGIdb
SEPTIN7	DGIdb
GYS2	DGIdb
AP1B1	DGIdb
GKP4	DGIdb
GJA8	DGIdb
CDH12	DGIdb
FKBP1B	DGIdb
TTN	DGIdb
MIA	DGIdb
STIM1	DGIdb
PDE6A	DGIdb
BHMT	DGIdb
CERKL	DGIdb
TLK2	DGIdb
TBX21	DGIdb
GPR20	DGIdb
SVEP1	DGIdb
GNG7	DGIdb
FBN1	DGIdb
ATP5PF	DGIdb
IGFBP5	DGIdb
ADGRB1	DGIdb
NUMA1	DGIdb
DSG3	DGIdb
KCNMB2	DGIdb
SYNE2	DGIdb
ITGA5	DGIdb
KMT2D	DGIdb
CPSF3	DGIdb
MXI1	DGIdb
NPTN	DGIdb
SNW1	DGIdb
TCN1	DGIdb
YY1	DGIdb
ZRSR2	DGIdb
PFDN4	DGIdb
MTHFD1	DGIdb
ACSS2	DGIdb
FGFR3P1	DGIdb
TNFAIP3	DGIdb
KIR2DS4	DGIdb
CRISPLD2	DGIdb
CPA6	DGIdb
HNF1B	DGIdb
POLR1HASP	DGIdb
FZD3	DGIdb
DCBLD1	DGIdb
ASL	DGIdb
PARP11	DGIdb
MTRF1L	DGIdb
PON2	DGIdb
FGFBP2	DGIdb
FGFRL1	DGIdb
IPO9	DGIdb
IPO11	DGIdb
TSLP	DGIdb
LINC00273	DGIdb
EFNB1	DGIdb
GZMH	DGIdb
STOM	DGIdb
ERCC3	DGIdb
GZMM	DGIdb
HCL2	DGIdb
SLCO4A1	DGIdb
F13A3	DGIdb
DVL1	DGIdb
HOXA3	DGIdb
NAE1	DGIdb
FES	DGIdb
PSMD10P1	DGIdb
CTSD	DGIdb
SAMD3	DGIdb
SLC1A5	DGIdb
TPSAB1	DGIdb
UBE2D1	DGIdb
PICALM	DGIdb
DAOA	DGIdb
PPP3R1	DGIdb
ARHGEF10	DGIdb
SLC19A3	DGIdb
USP24	DGIdb
METTL1	DGIdb
AFG2A	DGIdb
ADH1B	DGIdb
ABCA5	DGIdb
PTK7	DGIdb
FGF18	DGIdb
RBMXP1	DGIdb
CLNS1AP1	DGIdb
ELNL1	DGIdb
ELN	DGIdb
HOXD1	DGIdb
CTNND2	DGIdb
ERCM1	DGIdb
F2L	DGIdb
HOXC8	DGIdb
PRSS2	DGIdb
OAT	DGIdb
AXIN1	DGIdb
PKN1	DGIdb
CCL5	DGIdb
CD59	DGIdb
IGFBP4	DGIdb
NCF2	DGIdb
PER1	DGIdb
PLTP	DGIdb
SDS	DGIdb
CAT	DGIdb
AIFM2	DGIdb
RIMS1	DGIdb
OR10P1	DGIdb
NDUFA10	DGIdb
DST	DGIdb
CCDC77	DGIdb
KCNJ12	DGIdb
IRS4	DGIdb
ATG5	DGIdb
PLEKHH2	DGIdb
MT-ND3	DGIdb
NDUFA4L2	DGIdb
DUX1	DGIdb
C6	DGIdb
SIRPA	DGIdb
GRB10	DGIdb
CDKN2B	DGIdb
MSH5	DGIdb
NDUFB3	DGIdb
NDUFB2	DGIdb
NDUFC2	DGIdb
NDUFB10	DGIdb
NDUFS3	DGIdb
NDUFAF1	DGIdb
NDUFV2	DGIdb
TMEFF2	DGIdb
ANO1	DGIdb
NDUFB6	DGIdb
NDUFA6	DGIdb
MT-ND4L	DGIdb
MT-ND5	DGIdb
NDUFB1	DGIdb
MT-ND2	DGIdb
NDUFV1	DGIdb
NDUFA1	DGIdb
NDUFS2	DGIdb
NDUFB9	DGIdb
NDUFS8	DGIdb
NDUFC1	DGIdb
NDUFS5	DGIdb
TRBV7-9	DGIdb
TRGV3	DGIdb
TFR2	DGIdb
EEF1A1	DGIdb
MARK1	DGIdb
TPPP	DGIdb
GAK	DGIdb
RPS6KA4	DGIdb
CDKN1C	DGIdb
GDA	DGIdb
IRF1	DGIdb
SYP	DGIdb
CLOCK	DGIdb
EXOC4	DGIdb
INS-IGF2	DGIdb
MBOAT1	DGIdb
RBFOX3	DGIdb
ACVR2B	DGIdb
XPNPEP2	DGIdb
CLASP1	DGIdb
PCSK1	DGIdb
POMC	DGIdb
CXXC4	DGIdb
POLR1G	DGIdb
APLF	DGIdb
SPRY2	DGIdb
OSMR	DGIdb
TENM4	DGIdb
GNA13	DGIdb
KCNIP1	DGIdb
CLCC1	DGIdb
LKAAEAR1	DGIdb
MCOLN1	DGIdb
POM121L2	DGIdb
ZNF165	DGIdb
RAD18	DGIdb
PICK1	DGIdb
VAC14	DGIdb
MROH2A	DGIdb
ADGRV1	DGIdb
VASP	DGIdb
ORAI1	DGIdb
KRT6A	DGIdb
IL17C	DGIdb
KLK1	DGIdb
IL31	DGIdb
GLIPR1	DGIdb
SMG1	DGIdb
TLR6	DGIdb
JUP	DGIdb
DKK3	DGIdb
IDS	DGIdb
ENPEP	DGIdb
AGRP	DGIdb
MAN2C1	DGIdb
MAGEA4	DGIdb
KLK4	DGIdb
ALAD	DGIdb
MID1	DGIdb
DNAH8	DGIdb
GAD2	DGIdb
FRA22A	DGIdb
C1R	DGIdb
GJB1	DGIdb
SLC12A2	DGIdb
SLC25A10	DGIdb
CST2	DGIdb
ADAM8	DGIdb
FRA2H	DGIdb
MADCAM1	DGIdb
FRA5F	DGIdb
GABPB1	DGIdb
EBR4	DGIdb
FHL1	DGIdb
MBD4	DGIdb
H3C2	DGIdb
NBN	DGIdb
HERC2	DGIdb
ZHX2	DGIdb
DMWD	DGIdb
COD2	DGIdb
DEFA4	DGIdb
NDUFAF2	DGIdb
C4A	DGIdb
GUSM	DGIdb
MT-ND4	DGIdb
HOXC10	DGIdb
LPAR5	DGIdb
FHL2	DGIdb
SKIC3	DGIdb
SLC39A6	DGIdb
MT-ND6	DGIdb
NDUFA12	DGIdb
ACTG1P6	DGIdb
CD7	DGIdb
RFC1	DGIdb
MIR155	DGIdb
GNAI1	DGIdb
GK	DGIdb
NDUFB5	DGIdb
NDUFB7	DGIdb
NDUFS4	DGIdb
NDUFAB1	DGIdb
NDUFA4	DGIdb
XPNPEP1	DGIdb
RNPEP	DGIdb
RNPEPL1	DGIdb
HSPA1B	DGIdb
INTU	DGIdb
CRYZ	DGIdb
CCL1	DGIdb
CCK	DGIdb
HUS1	DGIdb
PMAIP1	DGIdb
THBS2	DGIdb
GANC	DGIdb
AKR1A1	DGIdb
CHST13	DGIdb
ANO2	DGIdb
ZNF804A	DGIdb
FSTL5	DGIdb
RGS19	DGIdb
BTN1A1	DGIdb
IGH	DGIdb
NUP107	DGIdb
BTF3P1	DGIdb
PARP14	DGIdb
AXIN2	DGIdb
CRYBG2	DGIdb
APCDD1	DGIdb
DHCR7	DGIdb
IGF2-AS	DGIdb
IL16	DGIdb
PPP1R13L	DGIdb
XPA	DGIdb
CCN4	DGIdb
WIF1	DGIdb
TANC1	DGIdb
NSUN3	DGIdb
LMNTD1	DGIdb
EIF2AK4	DGIdb
ZNF568	DGIdb
CNIH3	DGIdb
ZSCAN25	DGIdb
SLCO6A1	DGIdb
MFGE8	DGIdb
ASIC3	DGIdb
ASIC4	DGIdb
SLC52A2	DGIdb
ILK	DGIdb
RGS8	DGIdb
ZNF501	DGIdb
GPR17	DGIdb
AICDA	DGIdb
MC3R	DGIdb
WAS	DGIdb
OVGP1	DGIdb
F13B	DGIdb
FGF21	DGIdb
TRPM4	DGIdb
CHR	DGIdb
SGSH	DGIdb
USP14	DGIdb
UCHL5	DGIdb
CAMP	DGIdb
HDGF	DGIdb
TIMM8A	DGIdb
GLC1D	DGIdb
PARP1P2	DGIdb
AK1	DGIdb
FRA13A	DGIdb
GATA6	DGIdb
HLA-H	DGIdb
HOXB4	DGIdb
BFSP1	DGIdb
CTAG2	DGIdb
FGF19	DGIdb
POLRMT	DGIdb
NDUFA9	DGIdb
MAPK4	DGIdb
OR4D6	DGIdb
CLDN11	DGIdb
XPC	DGIdb
SP7	DGIdb
GSTA3	DGIdb
FBXL17	DGIdb
DFNB5	DGIdb
NDUFA5	DGIdb
NDUFB4	DGIdb
NDUFV3	DGIdb
FRA16C	DGIdb
NDUFA8	DGIdb
NDUFS6	DGIdb
TRAV29DV5	DGIdb
AOPEP	DGIdb
NCBP2	DGIdb
NCBP1	DGIdb
LY75	DGIdb
LILRA4	DGIdb
CD72	DGIdb
GGT7	DGIdb
LAT	DGIdb
SAP130	DGIdb
STK36	DGIdb
PAK5	DGIdb
EGR1	DGIdb
NOD1	DGIdb
MT1G	DGIdb
NRIP1	DGIdb
GADD45AP1	DGIdb
SPOPL	DGIdb
COL22A1	DGIdb
PAPPA2	DGIdb
CAMK4	DGIdb
CD96	DGIdb
ORM2	DGIdb
TMEM131L	DGIdb
SUMO4	DGIdb
YEATS4	DGIdb
MAN1B1	DGIdb
HMAB	DGIdb
LPAR6	DGIdb
TEP1	DGIdb
IL17B	DGIdb
DNPEP	DGIdb
MFAP1	DGIdb
C4BPB	DGIdb
PRLHR	DGIdb
HMGB2	DGIdb
GSTM5P1	DGIdb
CRY2	DGIdb
FRA7B	DGIdb
FRA5G	DGIdb
HLA-F	DGIdb
HOXC4	DGIdb
ELF5	DGIdb
GSTZ1	DGIdb
FNTAP2	DGIdb
SLC31A2	DGIdb
TUBB8B	DGIdb
NDUFA7	DGIdb
PGGT1B	DGIdb
NDUFS7	DGIdb
DOT1L	DGIdb
HOXC13	DGIdb
HOXC12	DGIdb
DOCK2	DGIdb
CA10	DGIdb
ACTG1P3	DGIdb
SLC13A3	DGIdb
NDUFA2	DGIdb
NDUFA11	DGIdb
NDUFAF4	DGIdb
CTAG1A	DGIdb
RNASE1	DGIdb
PTPN5	DGIdb
PAK3	DGIdb
TRPC5	DGIdb
MDK	DGIdb
OCLN	DGIdb
PI3	DGIdb
HMGCS2	DGIdb
ADAMTS18	DGIdb
CCDC70	DGIdb
SSU72	DGIdb
MR1	DGIdb
STEAP1	DGIdb
HOXD8	DGIdb
CDSN	DGIdb
FDX1P1	DGIdb
C6ORF15	DGIdb
CDH18	DGIdb
GLC#	DGIdb
CAPN5	DGIdb
CSH2	DGIdb
CLEC16A	DGIdb
NCOA7	DGIdb
PPP1R18	DGIdb
FUT2	DGIdb
MT-CO2	DGIdb
KAT5	DGIdb
STK33	DGIdb
BICD1	DGIdb
CSN2	DGIdb
CCN1	DGIdb
MAT1A	DGIdb
PPP1R3B	DGIdb
LAP3	DGIdb
CDH3	DGIdb
PPP5C	DGIdb
SHH	DGIdb
STK16	DGIdb
MST1	DGIdb
NR4A3	DGIdb
MT1A	DGIdb
TEX10	DGIdb
INVS	DGIdb
KMT2E	DGIdb
SULT1C3	DGIdb
GSTA2	DGIdb
GPR83	DGIdb
EHF	DGIdb
MAPK6	DGIdb
ADGRG7	DGIdb
ZMIZ1	DGIdb
MAN1A1	DGIdb
BRINP3	DGIdb
LUC7L2	DGIdb
UBASH3B	DGIdb
POMT2	DGIdb
PROZ	DGIdb
LIPG	DGIdb
NAGLU	DGIdb
GYS1	DGIdb
BYSL	DGIdb
HOXA4	DGIdb
ACTN1	DGIdb
ERVK3	DGIdb
VCAN	DGIdb
EBR3	DGIdb
FRA9C	DGIdb
RBL1	DGIdb
GLI4	DGIdb
FOXA1	DGIdb
HLA-DRB6	DGIdb
FGF6	DGIdb
FTH1	DGIdb
EED	DGIdb
EPHA10	DGIdb
PLEKHJ1	DGIdb
C1QC	DGIdb
C8B	DGIdb
NDUFB11	DGIdb
NDUFS1	DGIdb
NDUFB8	DGIdb
XPNPEP3	DGIdb
METAP1D	DGIdb
KIR3DL2	DGIdb
SOAT2	DGIdb
STK38L	DGIdb
SF3B2	DGIdb
CARM1	DGIdb
CANX	DGIdb
LAMP1	DGIdb
NODAL	DGIdb
ANKFN1	DGIdb
KCNMB1	DGIdb
SLC24A4	DGIdb
SCGB3A1	DGIdb
CDCA3	DGIdb
GSTM3	DGIdb
EOMES	DGIdb
GRK4	DGIdb
SPINK5	DGIdb
ALG10	DGIdb
SLC22A17	DGIdb
DCP1B	DGIdb
NRP2	DGIdb
PRDX4	DGIdb
PLCE1	DGIdb
CNTN4	DGIdb
RNF8	DGIdb
P2RY8	DGIdb
P2RY6	DGIdb
TXNRD3	DGIdb
SFN	DGIdb
IL37	DGIdb
P4HA1	DGIdb
S100A9	DGIdb
GNL1	DGIdb
HOXD3	DGIdb
CSRP1	DGIdb
GPX7	DGIdb
SLC23A2	DGIdb
HOXA11	DGIdb
COPA	DGIdb
PANX3	DGIdb
GPC5	DGIdb
STAT2	DGIdb
NPEPPS	DGIdb
NGB	DGIdb
PLOD1	DGIdb
GJB5	DGIdb
MYH14	DGIdb
SH2D5	DGIdb
B3GAT1	DGIdb
C7	DGIdb
SLC7A11	DGIdb
SERINC5	DGIdb
SIGLEC10	DGIdb
P2RY13	DGIdb
TENT4A	DGIdb
NDUFAF3	DGIdb
PPP1R3A	DGIdb
LVRN	DGIdb
PPP2CB	DGIdb
EEF1A2	DGIdb
BRSK2	DGIdb
TDP2	DGIdb
MUSK	DGIdb
CSH1	DGIdb
MAP2	DGIdb
NR2C1	DGIdb
ADO	DGIdb
PHC1	DGIdb
NUCB2	DGIdb
OGDH	DGIdb
NRXN1	DGIdb
MIEF2	DGIdb
MYBBP1A	DGIdb
AKR7A2	DGIdb
GALNT17	DGIdb
TBL1X	DGIdb
PSPH	DGIdb
LMNB2	DGIdb
DLG2	DGIdb
MIR2054	DGIdb
CDH4	DGIdb
DIAPH3	DGIdb
AGPAT2	DGIdb
BTRC	DGIdb
BSCL2	DGIdb
VDAC3	DGIdb
ITGA1	DGIdb
CCL20	DGIdb
PCYT1B	DGIdb
IMPA1	DGIdb
UBE2T	DGIdb
FRA17B	DGIdb
ARHGAP6	DGIdb
CNTN1	DGIdb
AUH	DGIdb
FRA2I	DGIdb
GUK2	DGIdb
FOXF1	DGIdb
CLNK	DGIdb
CARINH	DGIdb
ATAT1	DGIdb
NDUFA3	DGIdb
SETD4	DGIdb
HSD3B7	DGIdb
FAT1	DGIdb
FEB2	DGIdb
EPHB6	DGIdb
EPHA4	DGIdb
METAP1	DGIdb
NPEPL1	DGIdb
MALT1	DGIdb
KLK7	DGIdb
INPPL1	DGIdb
RUNX2	DGIdb
SV2B	DGIdb
ZNF385D	DGIdb
LARS1	DGIdb
SZRD1	DGIdb
PVT1	DGIdb
XRCC4	DGIdb
NELL1	DGIdb
TTC6	DGIdb
UGGT2	DGIdb
ILKAP	DGIdb
XYLT2	DGIdb
P2RY14	DGIdb
P2RY10	DGIdb
PYGB	DGIdb
FUT3	DGIdb
MRM2	DGIdb
BMP1	DGIdb
GSTM4	DGIdb
EDA	DGIdb
FRA1J	DGIdb
GPR6	DGIdb
HMG1P	DGIdb
PANX2	DGIdb
HOXB3	DGIdb
H3-3A	DGIdb
FRA9E	DGIdb
KMT2C	DGIdb
TREM1	DGIdb
ADGRE2	DGIdb
TREML4	DGIdb
VPS13D	DGIdb
TSPAN5	DGIdb
BEST3	DGIdb
PLAGL1	DGIdb
PTPRN2	DGIdb
MAPKAPK5	DGIdb
MTF1	DGIdb
CLCNKA	DGIdb
SLC25A3	DGIdb
PPIG	DGIdb
ATP6V0C	DGIdb
GFRA3	DGIdb
AIP	DGIdb
OXER1	DGIdb
SLC4A1	DGIdb
CDB2	DGIdb
CASP4	DGIdb
UNC119	DGIdb
CASP10	DGIdb
TMCO6	DGIdb
ARID4A	DGIdb
FRA6E	DGIdb
MCHR2	DGIdb
NPAS3	DGIdb
CHI3L1	DGIdb
POU2F2	DGIdb
GMPS	DGIdb
SV2C	DGIdb
TNNT3	DGIdb
CD1D	DGIdb
PEBP1	DGIdb
SDC2	DGIdb
SOS1	DGIdb
SOCS6	DGIdb
STIM2	DGIdb
STRAP	DGIdb
TEAD1	DGIdb
CSRP3	DGIdb
ZIC4	DGIdb
TOR1A	DGIdb
RGS2	DGIdb
IBA57	DGIdb
DGKB	DGIdb
PGLYRP4	DGIdb
KLRC4	DGIdb
MAFB	DGIdb
SLC12A8	DGIdb
TNRC6A	DGIdb
MIR582	DGIdb
GALNT18	DGIdb
NPHS1	DGIdb
TNFRSF13B	DGIdb
GYG1	DGIdb
SERPINB2	DGIdb
MAT2A	DGIdb
SLC40A1	DGIdb
HSPE1	DGIdb
IFNW1	DGIdb
TRPC4	DGIdb
CD24P3	DGIdb
FNL1	DGIdb
CYP2B7P	DGIdb
ACTG2	DGIdb
CSN3	DGIdb
FTH1P1	DGIdb
GJA1P1	DGIdb
PARG	DGIdb
CTSLP8	DGIdb
TCF3	DGIdb
ISG15	DGIdb
ARHGAP28	DGIdb
MT3	DGIdb
AKAP13	DGIdb
FRA7D	DGIdb
POLR1A	DGIdb
NCOA2	DGIdb
RNASEL	DGIdb
OGG1	DGIdb
P2RX1	DGIdb
TRIT1	DGIdb
MED19	DGIdb
SLC1A4	DGIdb
SMYD3	DGIdb
TAP1	DGIdb
FBXL19	DGIdb
MOB3B	DGIdb
GBP6	DGIdb
CNPY4	DGIdb
ARAP2	DGIdb
CNTN5	DGIdb
CST5	DGIdb
SDK1	DGIdb
IL27	DGIdb
SLC31A1	DGIdb
COQ8B	DGIdb
PRIMPOL	DGIdb
ITPKC	DGIdb
AGAP1	DGIdb
THSD7B	DGIdb
FOXF2	DGIdb
BST1	DGIdb
RARS1	DGIdb
TBX2	DGIdb
MED12L	DGIdb
NUDT1	DGIdb
KNG1	DGIdb
ORMDL3	DGIdb
NCK1	DGIdb
GPR139	DGIdb
SLC5A5	DGIdb
RNF43	DGIdb
M6PR	DGIdb
LCT	DGIdb
GNE	DGIdb
SLC6A11	DGIdb
UCP3	DGIdb
NKX6-1	DGIdb
PAX5	DGIdb
DMXL1	DGIdb
KLF9	DGIdb
BTF3	DGIdb
CATHL1L	DGIdb
FRA1B	DGIdb
FRV3	DGIdb
FRA14B	DGIdb
DLD	DGIdb
FTH1P3	DGIdb
GAB1	DGIdb
DMBT1	DGIdb
FRDA2	DGIdb
NAPRT	DGIdb
S100A8	DGIdb
KHK	DGIdb
PHETA2	DGIdb
IL10RA	DGIdb
SPARC	DGIdb
EIF2AK1	DGIdb
GANAB	DGIdb
TK2	DGIdb
TNK1	DGIdb
EDN3	DGIdb
IL17RC	DGIdb
STAR	DGIdb
PLEKHA6	DGIdb
STN1	DGIdb
HOMER1	DGIdb
KCNE2	DGIdb
CUX2	DGIdb
AKR1C2	DGIdb
KLK2	DGIdb
LYVE1	DGIdb
MAP3K2	DGIdb
MMP21	DGIdb
GAPVD1	DGIdb
SLC39A8	DGIdb
FYB1	DGIdb
GSM1	DGIdb
TMEM43	DGIdb
SNX9	DGIdb
FRA2J	DGIdb
FTH1P21	DGIdb
HOXD9	DGIdb
GKP5	DGIdb
CIP2A	DGIdb
PPP2R2A	DGIdb
ATG16L1	DGIdb
ARAP1	DGIdb
TXNIP	DGIdb
RTKN2	DGIdb
ARHGAP35	DGIdb
GPS1	DGIdb
PCGF3	DGIdb
TIE1	DGIdb
NHLH1	DGIdb
PNPT1	DGIdb
HSPB6	DGIdb
SRGN	DGIdb
SLC34A2	DGIdb
STK32B	DGIdb
MAZ	DGIdb
NTF4	DGIdb
CCNY	DGIdb
EMSY	DGIdb
RABGAP1L	DGIdb
GSKIP	DGIdb
PTPN4	DGIdb
AMCN	DGIdb
FRA8B	DGIdb
FRA8D	DGIdb
CRTAP	DGIdb
PTPRS	DGIdb
EFNA5	DGIdb
EGI	DGIdb
GSPT1	DGIdb
HOXB2	DGIdb
GPS2	DGIdb
SPTSSB	DGIdb
FRA10C	DGIdb
GPRC5D	DGIdb
TRPC1	DGIdb
UBR1	DGIdb
PAPLN	DGIdb
MSANTD1	DGIdb
PPA2	DGIdb
IKZF3	DGIdb
SEMA6A	DGIdb
OR2B11	DGIdb
PROX1	DGIdb
DCX	DGIdb
GRID1	DGIdb
