gene	direction	loo_fraction
P4HA3	up	1
TRNP1	up	1
CRYAB	up	1
TSC22D3	up	1
CORIN	up	1
PLAT	up	1
ANGPTL4	up	1
DUSP1	up	1
CFH	up	1
NT5DC3	up	1
RGCC	up	1
PLXDC2	up	1
ANKRD1	up	1
C5AR2	up	1
PER1	up	1
IGFBP5	up	1
MMP19	up	1
RHOD	up	1
ADARB1	up	1
PARM1	up	1
CYGB	up	1
STC1	up	1
EPSTI1	up	1
SLC7A2	up	1
TIMP4	up	1
COL3A1	up	1
SPRY1	up	1
EDNRB	up	1
EFHD1	up	1
PDGFD	up	1
OMD	up	1
CD82	up	1
C11orf96	up	1
TMEM204	up	1
ISG20	up	1
PCDH9	up	1
FABP5	up	1
DUSP5	up	1
AK4	up	1
GCNT1	up	1
PRELP	up	1
FADS2	up	1
PMEPA1	up	1
LYPD3	up	1
MFAP4	up	1
GADD45B	up	1
CNTN3	up	1
RASD1	up	1
AFF2	up	1
TLR4	up	1
MEDAG	up	1
SCG2	up	1
GALNT10	up	1
C1R	up	1
PPP1R13L	up	1
OPN3	up	1
EPS8	up	1
AXIN2	up	1
MFGE8	up	1
PTGS1	up	1
IRF7	up	1
CPM	up	0.8
COL11A1	up	0.8
NPPC	up	0.4
DIO2	up	0.8
HSPE1	up	1
SRGN	up	1
POLR3K	up	1
CRIP2	up	1
NRP2	up	1
TMEM100	up	1
NR4A3	up	1
FRMD5	up	1
AEBP1	up	1
SNHG5	up	1
B3GNT5	up	1
GAS6	up	1
GPC3	up	1
ALCAM	up	1
METTL7A	up	1
RPL41	up	0.8
ASPN	up	0.8
SMOC1	up	1
ISG15	up	0.8
PMP22	up	1
ADAMTSL4	up	1
IFITM1	up	1
PIP	up	0.4
RAB13	up	1
ANGPT1	up	1
NNMT	up	1
CST3	up	1
SERPING1	up	1
DDIT4	up	1
ARHGEF28	up	1
CHRNA1	up	1
LINC00511	up	0.4
LGMN	up	1
CYSTM1	up	1
SPON2	up	1
RNA28S5	up	0.4
MX1	up	0.8
MMP1	up	0.8
LRRC32	up	1
NSMF	up	1
MT2A	up	0.8
CKB	up	1
CYP7B1	up	0.4
EPHB6	up	1
FNDC4	up	1
SRPX	up	1
PLXNA2	up	0.6
IL1R1	up	1
RPL28	up	0.8
SULT1B1	up	0.6
MFAP5	up	0.6
FMO3	up	0.6
OAS1	up	1
ITGA10	up	0.8
RPS19	up	0.6
GABARAPL1	up	1
PTK2B	up	0.8
ALPL	up	0.8
IFI6	up	0.8
FBLN5	up	1
EFEMP1	up	0.8
RPL26	up	1
PNMAL1	up	1
ADRA1B	up	0.6
IL11	up	0.8
RPS2	up	0.6
PRR5L	up	0.8
HAS2	up	0.8
PLA2R1	up	0.6
ABI3BP	up	0.8
IFIT1	up	0.8
AC007969.5	up	0.4
APOD	up	0.8
FAM57A	up	0.6
DKK1	up	0.6
MUC1	up	0.6
IGFBP2	up	1
APOL2	up	0.8
FRZB	up	0.8
CTD-2192J16.15	up	0.4
PCDH18	up	0.6
IL8	up	0.6
PLAUR	up	0.8
SESN3	up	0.8
GLRX	up	0.8
SLC20A2	up	1
DPT	up	0.6
MMP10	up	0.8
GPM6B	up	0.8
GRIA1	up	0.4
RP11-742N3.1	up	0.4
SSPN	up	1
MMP3	up	0.6
TRIM47	up	0.8
PSD4	up	0.8
MCAM	up	0.6
LTBP1	up	0.6
C2CD4B	up	0.4
RP11-592N21.1	up	0.4
TGM2	up	0.8
FAM107A	up	0.8
IFI44L	up	0.8
RAB27B	up	0.6
KLF9	up	0.8
PPP1R14A	up	0.8
DNAJB4	up	0.6
SDF2L1	up	0.8
MGC4294	up	0.4
NFIA	up	0.8
LAMA2	up	0.8
ATP6V0B	up	0.8
PHKA1	up	0.8
CXCL1	up	0.6
C1QL1	up	0.6
MT-RNR1	up	0.4
PLXNB1	up	0.6
CCDC3	up	0.8
LEF1	up	0.8
TCN2	up	0.6
TLDC2	up	0.8
APOL1	up	0.6
RIMS1	up	0.6
RPL7AP6	up	0.8
MAGED4B	up	0.8
SFRP1	up	0.8
SPON1	up	0.8
GLDN	up	0.8
RFTN2	up	0.8
ABCA8	up	0.8
SORT1	up	0.6
MT-ATP6	up	0.4
UPP1	up	0.8
CALCRL	up	0.6
ISM1	up	0.8
SRM	up	0.6
ANKRD13D	up	0.6
IFIH1	up	0.8
PPAP2C	up	0.8
TES	up	0.8
TMTC1	up	0.6
FAU	up	0.8
RPL13A	up	0.6
RPL29	up	0.6
IL16	up	0.6
SP110	up	0.8
CSGALNACT1	up	0.8
CERS6	up	0.6
RPS2P46	up	0.6
ID4	up	0.6
ACTG2	up	0.6
RORA	up	0.6
IL1RL2	up	0.8
SSSCA1	up	0.6
NLGN1	up	0.6
ACTC1	up	0.6
MMD	up	0.6
MVD	up	0.6
SLC46A3	up	0.6
GDF15	up	0.8
RN7SL1	up	0.4
OAS3	up	0.8
LINC00152	up	0.6
ISLR	up	0.6
RPS28	up	0.8
TSKU	up	0.8
ATP1B1	up	0.8
ZNF408	up	0.6
FZD8	up	0.6
CTSL	up	0.8
WNT2	up	0.8
ADH1B	up	0.8
OAS2	up	0.8
RPS3	up	0.8
RPL10	up	0.8
NDUFA12	up	0.6
CYP26B1	up	0.8
RPL11	up	0.8
UCN2	up	0.6
LEPREL1	up	0.6
TNFAIP3	up	0.6
SLC6A9	up	0.6
IL12RB2	up	0.4
NHP2L1	up	0.6
EIF4EBP1	up	0.6
EIF5AL1	up	0.6
KIAA1671	up	0.6
DIO3	up	0.8
RPL8	up	0.6
ENPP1	up	0.6
KCNJ15	up	0.8
RPL13AP5	up	0.6
CTH	up	0.8
KCNG1	up	0.8
CLU	up	0.8
ST6GAL1	up	0.8
A2M	up	0.8
NT5DC2	up	0.8
FAS	up	0.6
ARHGAP10	up	0.6
SLFN11	up	0.6
LEPROT	up	0.6
LY6E	up	0.6
OSBPL5	up	0.6
RPS19BP1	up	0.6
C5AR1	up	0.6
RSPO1	up	0.6
NTN4	up	0.6
PDLIM1	up	0.6
MATN3	up	0.6
MYO1D	up	0.6
TWIST2	up	0.8
SYNPO2	up	0.8
IFIT3	up	0.8
ENC1	up	0.6
TRPC6	up	0.6
C1QTNF1	up	0.8
SPRY4	up	0.6
LONP1	up	0.6
MT1X	up	0.6
CFD	up	0.6
FMNL2	up	0.6
ROR1	up	0.6
RPS2P5	up	0.8
SMOX	up	0.8
CBLN2	up	0.8
ABCA6	up	0.8
HERC6	up	0.8
RGS9	up	0.6
TRMT61A	up	0.6
RPLP0	up	0.6
NEDD9	up	0.6
TPCN1	up	0.6
SNCA	up	0.6
CLDN1	up	0.6
FBLN2	up	0.6
RPS23	up	0.6
PTGDR	up	0.6
ID3	up	0.6
SYT12	up	0.8
INMT	up	0.8
C3	up	0.6
CCL5	up	0.6
AGPAT9	up	0.4
STXBP4	up	0.6
LIN7A	up	0.6
CLTCL1	up	0.6
RPS27	up	0.6
ZEB1	up	0.6
PYCR1	up	0.6
B3GALT4	up	0.6
PTGES	up	0.8
BCL6	up	0.6
GNB2L1	up	0.6
MID2	up	0.6
NFKBIA	up	0.6
PLXND1	up	0.6
ARG2	up	0.8
SLC39A4	up	0.8
RCN3	up	0.6
USP53	up	0.6
FBL	up	0.8
EOGT	up	0.6
TIMM13	up	0.6
IFITM10	up	0.6
NRCAM	up	0.6
ETV1	up	0.6
SPSB1	up	0.6
FAM222B	up	0.6
CNNM2	up	0.6
NDUFS4	up	0.6
WNT16	up	0.8
FTH1P8	up	0.8
COMP	up	0.8
IFIT2	up	0.8
ARRDC2	up	0.8
GYPC	up	0.8
NPM3	up	0.6
PLIN2	up	0.6
MAN2A1	up	0.6
ZHX3	up	0.6
RNF144A-AS1	up	0.6
BMP2	up	0.8
JAM3	up	0.6
RP1-239B22.5	up	0.4
PAMR1	up	0.8
NFIL3	up	0.6
RPS9	up	0.6
LGALS3BP	up	0.6
ODF3B	up	0.6
SLC9A3R1	up	0.6
RPL13	up	0.6
MT-ND3	up	0.4
DKK3	up	0.6
TCTN3	up	0.6
SHC4	up	0.8
SYT1	up	0.6
MRPS21	up	0.6
SLC25A6	up	0.6
NR2F1	up	0.6
PPP4C	up	0.6
CPPED1	up	0.6
MX2	up	0.8
NENF	up	0.8
MAD2L2	up	0.6
HBEGF	up	0.6
DMD	up	0.6
NXPH3	up	0.6
KCNK6	up	0.8
RPP25	up	0.6
COLGALT2	up	0.6
DIXDC1	up	0.6
SWI5	up	0.6
BAMBI	up	0.6
CYTL1	up	0.8
MUC13	up	0.4
CTD-2031P19.4	up	0.4
DLX5	up	0.8
SPHK1	up	0.6
SLC16A12	up	0.4
ARMC8	up	0.6
TM4SF1	up	0.6
RPL18	up	0.6
TMEM178B	up	0.6
PRICKLE2	up	0.6
DTNA	up	0.6
SLIT3	up	0.8
SP100	up	0.6
SOX9	up	0.6
GALNT18	up	0.6
SH3PXD2B	up	0.6
RUVBL2	up	0.6
NPR3	up	0.8
PTPRN	up	0.6
CXCR4	up	0.4
ADPRHL1	up	0.8
MSX2	up	0.8
RSAD2	up	0.8
NANS	up	0.6
HLA-B	up	0.6
IGF2BP1	up	0.6
FGD4	up	0.6
CHST2	up	0.8
SCG5	up	0.6
CTHRC1	up	0.6
INA	up	0.6
NKD1	up	0.8
RAMP1	up	0.8
VAT1L	up	0.8
FKBP5	up	0.8
EEF1B2	up	0.6
CCND3	up	0.6
SLC25A23	up	0.6
COL5A2	up	0.6
CXCL5	up	0.6
RNF115	up	0.6
RPL6P27	up	0.6
ANKH	up	0.6
TGFBR3	up	0.6
ATOX1	up	0.8
SLIT2	up	0.8
RPL3P4	up	0.8
PPARG	up	0.6
MLPH	up	0.6
TNFAIP8L3	up	0.8
SLITRK1	up	0.8
TYMP	up	0.8
SLPI	up	0.6
IKZF2	up	0.6
ADAMTS7	up	0.6
TSPAN5	up	0.6
MT1L	up	0.6
EEPD1	up	0.6
RPS4X	up	0.6
EIF5A	up	0.6
PHB	up	0.6
PLAC9	up	0.6
SHFM1	up	0.6
SCARA5	up	0.6
BEGAIN	up	0.8
LIMCH1	up	0.8
STS	up	0.6
RPL3	up	0.6
ITPRIP	up	0.6
WWC3	up	0.6
RPLP0P6	up	0.6
RP11-175K6.1	up	0.4
TSSC4	up	0.6
RPL10A	up	0.8
APBB2	up	0.6
C2CD4A	up	0.4
CKLF	up	0.8
TFPI2	up	0.8
IFI44	up	0.8
AQP1	up	0.8
ENDOD1	up	0.6
GGT5	up	0.6
IMP4	up	0.6
F2RL1	up	0.6
COL8A1	up	0.6
ORAI1	up	0.6
OCA2	up	0.6
TFPI	up	0.6
C1S	up	0.6
EEF1D	up	0.6
NRROS	up	0.8
OST4	up	0.8
VCAM1	up	0.8
SORBS1	up	0.8
RP11-466H18.1	up	0.4
CMKLR1	up	0.8
PROS1	up	0.6
RPL36AL	up	0.6
RRP1	up	0.6
TGFB3	up	0.6
EYA2	up	0.6
IRX3	up	0.8
RPL32	up	0.6
PRKAR2B	up	0.6
RASIP1	up	0.8
RPL27	up	0.8
C9orf69	up	0.6
ITGA3	up	0.6
NFIB	up	0.6
PDE1A	up	0.6
PCBP3	up	0.6
SNCAIP	up	0.8
ITGB5	up	0.6
PERP	up	0.8
FBLN1	up	0.6
RPL12	up	0.6
RPL19	up	0.6
OSBPL10	up	0.6
DSP	up	0.6
SLC24A3	up	0.6
QPCTL	up	0.8
RASD2	up	0.8
ENTPD1	up	0.8
CARD6	up	0.6
YIF1B	up	0.6
RPSA	up	0.6
ACVRL1	up	0.6
SLC25A28	up	0.6
DIAPH2	up	0.6
LTBP4	up	0.6
NKAIN2	up	0.4
GFRA1	up	0.8
CCDC68	up	0.6
IFI35	up	0.8
KDELC1	up	0.6
SOD3	up	0.6
PFN1P1	up	0.8
CMPK2	up	0.8
H2AFZ	up	0.6
PFKFB4	up	0.6
PSMA7	up	0.6
SPTLC3	up	0.6
FRMD4B	up	0.8
TMEM205	up	0.6
SLC9A3R2	up	0.6
POR	up	0.6
IRS2	up	0.6
DCBLD2	up	0.6
TOMM40	up	0.6
PRKAA2	up	0.6
SPRYD3	up	0.6
AHNAK2	up	0.6
RGS4	up	0.8
ALDOC	up	0.8
IGFBP3	up	0.8
DDX58	up	0.8
HAPLN3	up	0.6
POP5	up	0.8
HIPK2	up	0.6
MGP	up	0.8
KLF15	up	0.8
BIRC3	up	0.6
COL6A2	up	0.6
KLHL3	up	0.6
MERTK	up	0.6
RPL39P3	up	0.4
MESDC2	up	0.6
METTL13	up	0.6
TGFB1	up	0.6
STK38L	up	0.6
CHCHD10	up	0.6
TIMP1	up	0.8
COL8A2	up	0.6
BHLHE40	up	0.6
PCDH10	up	0.6
PLSCR1	up	0.8
DYSF	up	0.6
F10	up	0.8
SEMA3F	up	0.6
SPDL1	up	0.6
DBNDD1	up	0.8
MIF	up	0.8
FAM20A	up	0.8
HLA-C	up	0.6
FARSA	up	0.6
SPATA2L	up	0.6
FNBP1L	up	0.6
ZDHHC14	up	0.6
PIGZ	up	0.6
OCIAD2	up	0.6
MOB3B	up	0.6
LINC00473	up	0.4
RAC2	up	0.8
NANOS1	up	0.8
SLC1A1	up	0.6
ALDOA	up	0.6
SEC14L2	up	0.6
TMEM161A	up	0.6
NXPH4	up	0.6
AC139100.2	up	0.4
UXT	up	0.8
CLDN11	up	0.8
PEAR1	up	0.6
TPRKB	up	0.6
CMSS1	up	0.6
ADAMTS9	up	0.6
CLCF1	up	0.8
CTDSPL	up	0.6
OGDH	up	0.6
RPS6	up	0.6
RPL39	up	0.6
LPCAT4	up	0.6
SCARF2	up	0.6
MLKL	up	0.8
RNA18S5	up	0.4
GSN	up	0.6
PNP	up	0.6
FNDC1	up	0.6
FOXC1	up	0.8
KRT19	up	0.8
RILPL2	up	0.6
FST	up	0.6
SORBS2	up	0.6
CRLF1	up	0.6
PLSCR4	up	0.6
RCAN1	up	0.8
MT1E	up	0.8
ENPP2	up	0.8
CD14	up	0.8
IFI27	up	0.8
PML	up	0.6
FAM50A	up	0.6
LAMTOR4	up	0.6
PLXDC1	up	0.6
TLE2	up	0.6
STAMBPL1	up	0.6
NDUFS5	up	0.6
PROSER2	up	0.6
CYB5R3	up	0.6
RAB11FIP1	up	0.6
AKAP13	up	0.6
PIK3R1	up	0.6
MMP9	up	0.4
CMTM4	up	0.6
SCN9A	up	0.8
ADM	up	0.8
RP11-169K16.7	up	0.4
NID2	up	0.8
SNED1	up	0.8
MFSD12	up	0.8
LRRC8C	up	0.6
SLC44A1	up	0.8
STXBP6	up	0.6
RPL23	up	0.6
HIP1	up	0.6
HSPA6	up	0.6
PRKAR1B	up	0.6
RPL30	up	0.6
NAV2	up	0.6
CORO6	up	0.6
ESRRA	up	0.6
ADAM10	up	0.6
AC004057.1	up	0.4
CDH6	up	0.8
LDHAP4	up	0.4
PGBD3	up	0.4
PARP9	up	0.8
SH3BGRL2	up	0.6
C12orf44	up	0.6
PDK3	up	0.8
ERGIC1	up	0.6
IFITM2	up	0.6
SHC3	up	0.6
NES	up	0.6
PPIB	up	0.6
PPL	up	0.6
BMP1	up	0.6
MFAP2	up	0.6
GADD45A	up	0.8
MYEOV2	up	0.8
SCARA3	up	0.8
PTGIS	up	0.8
HELZ2	up	0.8
HSPD1	up	0.6
LYPD1	up	0.8
SAT1	up	0.6
MYOM1	up	0.6
TCEAL4	up	0.6
RPL37A	up	0.8
EXOSC4	up	0.6
GPD2	up	0.6
RPL36	up	0.8
TGFBI	up	0.8
MRPS12	up	0.6
SAA1	up	0.6
CCDC101	up	0.6
C6orf48	up	0.8
CCDC69	up	0.6
ITPKB	up	0.6
RPS8	up	0.6
IGFN1	up	0.6
CDH19	up	0.4
MRPS34	up	0.6
GMPR	up	0.6
ADAMTS1	up	0.8
VSTM4	up	0.6
PGD	up	0.6
OASL	up	0.8
IFITM3	up	0.6
NSDHL	up	0.6
DIRC3	up	0.6
GAL3ST4	up	0.6
TEX2	up	0.6
EIF3FP3	up	0.6
MME	up	0.8
BST2	up	0.8
PHGDH	up	0.6
PLAG1	up	0.8
TANC1	up	0.6
TJP2	up	0.6
FAM207A	up	0.6
SF3B5	up	0.6
LINC00622	up	0.8
RPL38	up	0.8
MAOA	up	0.8
PON2	up	0.6
HRAS	up	0.6
EMILIN3	up	0.6
CMTM7	up	0.6
PPP1R16A	up	0.6
TMED9	up	0.6
RPL35	up	0.6
SYNGR1	up	0.6
SDK1	up	0.6
S100A16	up	0.8
IDH3B	up	0.6
AP2S1	up	0.6
ANO4	up	0.6
RNASE4	up	0.6
ARID5A	up	0.8
TRHDE	up	0.8
WISP1	up	0.8
IL32	up	0.8
SPECC1	up	0.6
PITPNM1	up	0.6
IRAK3	up	0.6
NPAS2	up	0.6
ST6GALNAC5	up	0.6
EIF1	up	0.6
RP11-390P2.4	up	0.4
SIX2	up	0.8
RORB	up	0.8
PDGFRL	up	0.6
JPH2	up	0.6
QTRT1	up	0.6
MANF	up	0.6
PTPRU	up	0.6
CHPF	up	0.6
DDIT3	up	0.6
ACAT2	up	0.6
COLEC12	up	0.8
TLCD2	up	0.6
PGM2L1	up	0.6
NFATC1	up	0.6
LDHB	up	0.6
RPS20	up	0.8
FZD6	up	0.6
MFSD2B	up	0.8
AFAP1	up	0.8
SGCG	up	0.8
TCF4	up	0.6
HINT1	up	0.6
THEMIS2	up	0.6
MGLL	up	0.6
SPP1	up	0.6
OLFML2A	up	0.6
RPL5	up	0.6
FXYD1	up	0.6
LYPD6B	up	0.8
EBF1	up	0.8
RN7SL2	up	0.6
TMEM185A	up	0.6
C1orf198	up	0.6
RPL7P1	up	0.6
EPHB1	up	0.6
OLFML3	up	0.6
SAMD9L	up	0.8
RP11-20O24.4	up	0.4
TLE1	up	0.6
CD320	up	0.6
ANXA4	up	0.6
CLEC3B	up	0.6
WNT11	up	0.8
FTH1P2	up	0.8
SULF1	up	0.8
GPX3	up	0.8
MEGF9	up	0.6
GPRC5B	up	0.6
TINAGL1	up	0.6
SLC15A3	up	0.6
AC078941.1	up	0.4
NSG1	up	0.8
ICAM1	up	0.8
SLC26A6	up	0.6
NUDT11	up	0.6
STAB2	up	0.6
SLC3A2	up	0.8
RP4-555D20.2	up	0.4
LDLRAD3	up	0.8
STARD10	up	0.6
PSMB3	up	0.6
RRAS	up	0.6
MAZ	up	0.6
IMP3	up	0.6
RNF212	up	0.6
RASL11B	up	0.6
DHCR7	up	0.6
BOC	up	0.6
ZBTB47	up	0.6
CHL1	up	0.8
C19orf10	up	0.8
MAP3K6	up	0.6
ANPEP	up	0.6
CD9	up	0.6
RPL7A	up	0.6
ANXA3	up	0.8
LGR5	up	0.6
FOXO1	up	0.6
EEF2	up	0.6
CDKN2A	up	0.6
VAMP2	up	0.6
SLC39A7	up	0.6
MYADM	up	0.6
QRICH2	up	0.8
ZNF185	up	0.8
CRABP2	up	0.8
FURIN	up	0.6
PCOLCE2	up	0.6
RCAN2	up	0.8
TRIM28	up	0.6
UNC13B	up	0.6
KEAP1	up	0.6
NID1	up	0.6
IL1RN	up	0.8
C10orf10	up	0.8
ABHD12B	up	0.6
SSX2IP	up	0.6
DHRS2	up	0.8
MAMDC2	up	0.6
CHST15	up	0.8
C12orf57	up	0.6
NUDT4P1	up	0.8
TNC	up	0.8
RELB	up	0.6
SLC2A10	up	0.6
GAL	up	0.4
ATP5J2	up	0.8
ALX4	up	0.8
ROBO2	up	0.8
ADAMTS19	up	0.6
KLHL41	up	0.8
MAGOH	up	0.8
ABCB1	up	0.8
ARHGAP29	up	0.6
RGS3	up	0.6
PLCE1	up	0.6
DFNB31	up	0.8
DUSP23	up	0.8
TCEAL7	up	0.8
PTGER4	up	0.8
NTRK2	up	0.8
ECE2	up	0.8
PVRL3	up	0.8
TP53I11	up	0.8
DNAJA4	up	0.6
RGS14	up	0.6
THSD4	up	0.6
MRPS2	up	0.8
FENDRR	up	0.8
C1QTNF5	up	0.4
CEBPB	up	0.8
PRDX5	up	0.8
C8orf34	up	0.8
MAFB	up	0.6
PARD3B	up	0.6
FABP5P7	up	0.4
RP11-783K16.5	up	0.4
ARHGEF19	up	0.6
PDLIM3	up	0.6
HS3ST3B1	up	0.8
WFDC2	up	0.4
KIAA0040	up	0.8
SLC39A8	up	0.6
M1AP	up	0.6
FOXQ1	up	0.8
SEMA3A	up	0.8
OLFML1	up	0.8
PARP12	up	0.8
SIPA1L2	down	1
RGMB	down	1
ELN	down	1
WNT5A	down	1
ALPK2	down	1
NRG1	down	1
SERPINB2	down	1
GREM2	down	1
SH3D19	down	1
SEMA6D	down	1
CXCL12	down	1
ZEB2	down	1
LAMA3	down	1
KLF12	down	1
SMURF2	down	1
PSD3	down	1
RALGPS2	down	1
ANKRD29	down	1
PRKCE	down	1
ADRA1D	down	1
LDB2	down	1
IRS1	down	1
EPG5	down	1
ZNF521	down	1
MEST	down	1
NR1D2	down	1
SH2D4A	down	1
DLX2	down	1
PDE1C	down	1
NPTX1	down	1
DOK6	down	1
BROX	down	1
FRMD6	down	1
UFL1	down	1
IGF2BP3	down	1
SLC7A5	down	1
TMOD2	down	1
ADAMTS14	down	1
UGCG	down	1
CIT	down	1
FMN2	down	1
LIF	down	1
ATP8B1	down	1
IL7R	down	1
LOXL2	down	1
SLC14A1	down	1
LRRC15	down	1
BDKRB1	down	1
DNAJC6	down	1
RAB3B	down	1
KLF7	down	1
MYLK	down	1
TKT	down	1
GNG12	down	1
TNS1	down	1
SLC4A7	down	1
SAMD9	down	1
RGMB-AS1	down	1
SLC1A5	down	1
AHR	down	1
MKX	down	1
NTNG1	down	1
FGF2	down	1
FMN1	down	1
HMOX1	down	1
TMEM47	down	1
FAM107B	down	1
ICK	down	1
FAM171B	down	1
KCTD12	down	1
DLX1	down	1
NEK10	down	1
PIEZO2	down	1
CCBE1	down	1
LONP1	down	1
COLEC12	down	1
PLCB4	down	1
PLK2	down	1
SASH1	down	1
THBS2	down	1
MYOF	down	1
ITGB8	down	1
KCNH1	down	0.8
ELFN1	down	1
DLC1	down	1
FLNB	down	1
EYA1	down	1
VEGFC	down	1
SLFN5	down	1
SYNJ2	down	1
CACNA2D1	down	1
MAMLD1	down	1
EEA1	down	1
SCN9A	down	1
PSPH	down	1
TXNRD1	down	0.8
AK5	down	1
NRP1	down	1
ARL4C	down	0.8
KCND3	down	0.8
PER3	down	1
SYT11	down	1
RND3	down	1
PRKG2	down	1
ARRDC3	down	0.6
TGFBI	down	0.8
PDGFC	down	1
CPA4	down	0.8
KCTD16	down	1
HMCN1	down	0.8
ID2	down	1
LIMA1	down	1
GULP1	down	1
HIVEP1	down	1
RAPH1	down	1
LYPD6	down	1
SLC22A15	down	1
JUN	down	1
DCLK1	down	0.6
ADCY9	down	1
LINC00968	down	0.8
SERF1B	down	0.8
IGFBP2	down	0.8
PDE4B	down	0.6
SEMA3A	down	1
BCAT1	down	0.6
NHSL2	down	1
GALNT5	down	0.6
PRRX1	down	1
SMC4	down	1
KRTAP1-5	down	1
SCN8A	down	1
SOCS5	down	1
NUDT6	down	0.8
TM4SF20	down	0.8
NDNF	down	0.8
SH3BP4	down	1
FAM63B	down	0.6
TNFSF15	down	0.8
STEAP2	down	1
MBNL1	down	0.8
TNXB	down	1
CHL1	down	0.8
NCEH1	down	1
SHMT2	down	1
VEGFA	down	1
HMGN2	down	0.8
NABP1	down	1
DCBLD2	down	1
ROCK2	down	0.8
TEAD1	down	1
MN1	down	0.6
FOXD1	down	0.6
EXT1	down	0.6
SMAD9	down	0.8
ALDH3A1	down	0.8
VAT1	down	0.6
SLC39A10	down	1
FYCO1	down	0.8
SEL1L3	down	0.8
SPOCK1	down	0.8
JRK	down	1
NCAPG	down	1
ALCAM	down	0.6
PSG5	down	1
NAV3	down	0.8
EBF3	down	0.8
ZMIZ1	down	0.6
HEG1	down	1
N4BP3	down	0.8
ADAM12	down	0.8
ADD3	down	1
TOP2A	down	0.8
SLC35E2B	down	1
PEAK1	down	0.6
BASP1	down	0.6
TBX3	down	0.6
EPS15	down	0.8
SMAD3	down	0.8
PPP1R12A	down	0.6
ATP13A3	down	1
E2F7	down	1
ARHGEF2	down	0.6
LRRC37A17P	down	0.8
CPXM2	down	0.8
KIT	down	0.8
NFAT5	down	0.6
PNPLA3	down	0.8
CADM1	down	0.8
TENM2	down	0.8
BBX	down	0.6
SLC8A1	down	0.6
EPGN	down	0.8
NGF	down	0.6
ITGA8	down	0.8
RRM2B	down	0.6
TRIM16	down	0.6
FER1L6	down	0.8
ZFHX4	down	0.6
GOLGA8B	down	0.8
ITGA11	down	0.8
UNC5D	down	0.8
PCDHGC3	down	0.6
SLC38A2	down	0.6
TSEN15	down	0.6
BDNF	down	0.8
CPEB2	down	0.8
KIAA0754	down	0.4
DPF3	down	0.8
EPHB1	down	0.8
GREB1L	down	0.8
UTRN	down	0.8
SRXN1	down	0.6
OLFML2B	down	0.6
COL8A1	down	0.8
PRKAA1	down	0.8
AKAP2	down	0.8
AQP1	down	0.8
LAMP5	down	0.8
GPRC5A	down	0.8
SEMA3D	down	0.8
TNC	down	0.8
TMEM65	down	0.6
SNTB1	down	0.8
TSC22D2	down	0.6
DOCK4	down	0.6
KIF5B	down	0.6
EIF4EBP1	down	0.6
CD109	down	0.6
SAMD9L	down	0.8
SLC16A7	down	0.6
KIAA1644	down	0.8
RP11-490G2.2	down	0.4
APCDD1	down	0.8
PSG4	down	0.8
DOCK5	down	0.6
KIF18A	down	0.6
PIM1	down	0.6
SGMS2	down	0.8
IPO8	down	0.6
PLCB1	down	0.8
STC2	down	0.8
AXL	down	0.8
CCDC88A	down	0.6
KMT2C	down	0.6
GPNMB	down	0.8
UBR1	down	0.6
BEX1	down	0.8
IL33	down	0.6
STMN1	down	0.6
ISLR	down	0.6
SLC7A11	down	0.8
SULF1	down	0.8
ITGA1	down	0.8
OSR1	down	0.8
FGF5	down	0.6
NR3C1	down	0.6
VLDLR	down	0.6
TNFSF13B	down	0.6
NUPR1	down	0.6
ARHGAP33	down	0.8
C1GALT1	down	0.8
LPXN	down	0.6
ANGPTL2	down	0.6
ADAM33	down	0.8
IL6	down	0.8
EDN1	down	0.6
MAGI1	down	0.6
ERBB2IP	down	0.6
SENP7	down	0.6
PKP4	down	0.6
SCARA3	down	0.6
PKD2	down	0.6
RFX7	down	0.8
RP11-1212A22.1	down	0.4
ADAMTS2	down	0.8
FOXQ1	down	0.8
RPAP2	down	0.8
PTGS2	down	0.8
TRPC1	down	0.6
PFKFB3	down	0.8
ETV1	down	0.6
SLC2A1	down	0.8
CLASP2	down	0.8
HERC3	down	0.8
GAS1	down	0.8
ID1	down	0.8
SLC7A1	down	0.6
KIAA1033	down	0.8
CLIP4	down	0.6
RIN3	down	0.6
NFIX	down	0.6
INSIG1	down	0.6
APOL6	down	0.6
LITAF	down	0.6
POLK	down	0.6
TNNC1	down	0.6
IRAK3	down	0.6
EPHA5	down	0.8
TFPI2	down	0.8
NEDD4	down	0.8
SOD3	down	0.8
DPP4	down	0.8
MKI67	down	0.6
EIF4G3	down	0.6
IARS	down	0.6
DSTYK	down	0.6
FBLN2	down	0.8
ID3	down	0.8
PYGO1	down	0.8
TBC1D8B	down	0.6
MCOLN3	down	0.6
PGD	down	0.6
TCP11L2	down	0.6
STMN3	down	0.6
CROT	down	0.6
NGEF	down	0.6
TIGD2	down	0.6
KIAA1109	down	0.6
HJURP	down	0.6
MTMR10	down	0.6
TRIM33	down	0.8
PLA2G4A	down	0.8
PKN2	down	0.6
QSOX1	down	0.6
ZNF618	down	0.6
TRIM16L	down	0.8
COL12A1	down	0.8
CCNA2	down	0.6
KAT6A	down	0.8
LTK	down	0.8
KCNJ2	down	0.8
MYO1B	down	0.8
MYO5A	down	0.8
ALDH1A3	down	0.6
RICTOR	down	0.6
HIST2H3D	down	0.6
CEP170	down	0.8
MTHFD1L	down	0.6
DAB2	down	0.6
SSC5D	down	0.8
FST	down	0.8
FBXO32	down	0.6
IFI30	down	0.8
RGPD5	down	0.6
MSRB3	down	0.6
MTHFD2	down	0.6
PTGIS	down	0.8
WDFY3	down	0.6
JARID2	down	0.6
SALL2	down	0.6
IGFBP3	down	0.8
CDCP1	down	0.6
LYPD6B	down	0.8
GALNT3	down	0.8
8-Sep	down	0.4
PRSS12	down	0.6
SNX29	down	0.6
MAP3K2	down	0.6
RARG	down	0.6
FOPNL	down	0.6
HERC1	down	0.6
CACNA2D3	down	0.8
SEMA3C	down	0.6
RP3-323P13.2	down	0.6
C9orf172	down	0.6
PTGFR	down	0.8
HPCAL1	down	0.8
SLIT2	down	0.8
PRKCA	down	0.6
ANLN	down	0.6
PYROXD1	down	0.6
BDKRB2	down	0.6
ADAM19	down	0.6
NTM	down	0.6
NYNRIN	down	0.6
UHMK1	down	0.8
CENPE	down	0.6
PHF20	down	0.6
FRYL	down	0.8
SMCHD1	down	0.6
SLC3A2	down	0.6
CEP350	down	0.8
HSPA12A	down	0.8
FAM155A	down	0.6
PLA2R1	down	0.6
TNKS	down	0.6
RGS7	down	0.6
STIM2	down	0.6
RAB32	down	0.6
PTPN11	down	0.6
KYNU	down	0.8
IFI27	down	0.8
SFRP1	down	0.6
SESN2	down	0.6
TTC37	down	0.6
MAP7	down	0.6
MTPN	down	0.6
GFRA1	down	0.8
DDR2	down	0.6
PLAUR	down	0.6
DPYD	down	0.8
OSBP2	down	0.8
MYO1D	down	0.8
MMP3	down	0.8
HAS2	down	0.8
MCTP2	down	0.6
SVIL	down	0.6
RPLP2	down	0.6
GPT2	down	0.6
TXNIP	down	0.6
KMT2A	down	0.6
YARS	down	0.6
HIP1	down	0.8
HEPH	down	0.8
AMIGO2	down	0.8
KIF20A	down	0.8
DNAJB14	down	0.8
ASAP3	down	0.6
CTNS	down	0.6
TMOD3	down	0.6
RASA1	down	0.8
PBX1	down	0.8
RPS6KA6	down	0.6
FAM8A1	down	0.6
GRIN2A	down	0.6
C21orf91	down	0.6
ITIH5	down	0.8
SBF2	down	0.6
MARVELD3	down	0.8
SPON2	down	0.8
SERTAD2	down	0.8
ANKRD50	down	0.8
11-Sep	down	0.4
EPHB2	down	0.8
DENND2A	down	0.6
NDN	down	0.6
IL6ST	down	0.8
HIST1H4C	down	0.4
UBR3	down	0.6
SYNPO	down	0.8
ACTR2	down	0.6
LFNG	down	0.6
HBEGF	down	0.6
EP300	down	0.6
ADA	down	0.6
FBXL17	down	0.6
EPAS1	down	0.6
DCK	down	0.6
MSTN	down	0.6
AKR1C3	down	0.6
TP53	down	0.6
RP11-1E6.1	down	0.4
BIRC3	down	0.6
WARS	down	0.6
PARP14	down	0.8
IFT80	down	0.6
RPSA	down	0.6
TRPC4	down	0.6
ZHX1	down	0.6
ERMN	down	0.6
TFRC	down	0.6
GOT1	down	0.6
GBP5	down	0.6
FCHO2	down	0.6
NQO1	down	0.8
MEF2C	down	0.6
DAAM2	down	0.8
DDIT3	down	0.8
AHRR	down	0.8
ANKRD13A	down	0.6
GDF5	down	0.6
CBLB	down	0.6
OSBPL3	down	0.6
MDFIC	down	0.6
PLEKHG4	down	0.8
ANKRD12	down	0.8
C10orf12	down	0.8
COL27A1	down	0.8
NPC1	down	0.8
SAPCD2	down	0.8
UACA	down	0.8
PTPN13	down	0.8
RAB27B	down	0.6
PLXNC1	down	0.8
CRIM1	down	0.8
PENK	down	0.6
HR	down	0.6
RBM41	down	0.8
DLL1	down	0.8
TM4SF1	down	0.8
ESM1	down	0.6
CLIC4	down	0.6
ULBP3	down	0.6
FAM180A	down	0.6
PAN3	down	0.6
KIF18B	down	0.6
AP2S1	down	0.6
ZYG11B	down	0.6
FBXL3	down	0.6
HNRNPU-AS1	down	0.4
ANPEP	down	0.8
ITSN2	down	0.6
SYNRG	down	0.8
CDCA7	down	0.6
AFF4	down	0.6
PHTF2	down	0.6
ZNF518A	down	0.6
NCOA2	down	0.8
TARS	down	0.6
TRAM2	down	0.8
CEPT1	down	0.8
PRELP	down	0.8
POSTN	down	0.8
MICU3	down	0.6
ATOH8	down	0.6
MKL2	down	0.6
VCAM1	down	0.6
TTK	down	0.6
PLEKHF1	down	0.6
SDSL	down	0.6
NFKBIZ	down	0.6
PSAT1	down	0.6
MTX3	down	0.6
TMF1	down	0.6
SEMA3E	down	0.6
SPIN1	down	0.6
EFS	down	0.6
AHCTF1	down	0.8
COL6A1	down	0.8
CDH6	down	0.8
CHD6	down	0.6
CKAP2	down	0.6
ROCK1	down	0.6
ETHE1	down	0.6
CENPF	down	0.8
C16orf45	down	0.6
MEGF9	down	0.6
COL1A1	down	0.6
PPIP5K2	down	0.6
AVL9	down	0.6
TMEM26	down	0.6
STAC	down	0.6
PAICS	down	0.6
FBN1	down	0.8
LTBP1	down	0.8
AJUBA	down	0.6
BBS10	down	0.6
PCDH10	down	0.6
TJP1	down	0.6
PIKFYVE	down	0.8
LTBP4	down	0.8
SOCS2	down	0.8
SHROOM3	down	0.6
GIT2	down	0.6
IRAK4	down	0.6
CEP192	down	0.6
CDC27	down	0.6
PGRMC1	down	0.6
TPP1	down	0.6
MRAS	down	0.6
RBL1	down	0.6
PKD1P1	down	0.8
SLC24A3	down	0.8
KRTAP1-1	down	0.8
ATP2B4	down	0.8
CDCA7L	down	0.6
MBTPS2	down	0.6
IQSEC1	down	0.6
STAG1	down	0.6
NDUFA5	down	0.6
PAPPA	down	0.6
GNB4	down	0.6
LARP6	down	0.6
MEGF6	down	0.8
TMEM106B	down	0.8
FANCI	down	0.6
MTSS1L	down	0.8
ATAD2	down	0.6
ROBO3	down	0.6
SFRP4	down	0.6
HDAC5	down	0.6
CYGB	down	0.6
MET	down	0.6
HOOK3	down	0.6
SNX19	down	0.6
TMEM131	down	0.6
TNFRSF10D	down	0.6
ERI2	down	0.6
CAPN7	down	0.6
TWF1P1	down	0.4
IKZF5	down	0.8
EFNB2	down	0.8
PTTG1	down	0.8
ARHGAP21	down	0.6
C5orf24	down	0.6
RDX	down	0.6
SLC30A1	down	0.6
DISC1	down	0.6
NAB1	down	0.6
KIF23	down	0.6
WWC2	down	0.6
SLC4A4	down	0.8
CEP135	down	0.8
TMEM119	down	0.8
ENAH	down	0.8
ITGA4	down	0.6
LRP3	down	0.6
FHL2	down	0.6
HSPA9	down	0.6
PAG1	down	0.6
RPSAP58	down	0.6
P2RX7	down	0.6
STK17A	down	0.6
RP11-173B14.5	down	0.8
PLXNB3	down	0.6
MARS	down	0.6
MYO10	down	0.6
ATRX	down	0.6
LOXL1	down	0.6
ODC1	down	0.6
SATB1	down	0.6
DYNC1LI2	down	0.6
MICA	down	0.6
MIR146A	down	0.8
NAP1L3	down	0.6
ETAA1	down	0.6
SAMD5	down	0.8
CHAC1	down	0.6
FLG	down	0.8
DPYSL4	down	0.6
EIF2S2	down	0.6
PRR7	down	0.6
FZD2	down	0.6
KIAA1430	down	0.8
NPIPB5	down	0.6
HSPG2	down	0.8
OSBPL8	down	0.8
PTCHD4	down	0.8
ADRA2A	down	0.8
ZNF621	down	0.6
MAST4	down	0.6
OSBPL9	down	0.6
TMEM71	down	0.6
BRI3	down	0.6
CTD-2228K2.7	down	0.4
SYTL2	down	0.8
TP53I11	down	0.8
TK1	down	0.6
PDE5A	down	0.6
TMEM155	down	0.6
DDX21	down	0.6
ANKIB1	down	0.6
FTO	down	0.8
PTPN21	down	0.6
CKAP2L	down	0.6
PBRM1	down	0.6
HGF	down	0.6
GSK3B	down	0.6
PSG1	down	0.6
GDNF	down	0.6
ARSI	down	0.6
GINS2	down	0.6
STAG2	down	0.6
SLITRK6	down	0.6
TMEM123	down	0.6
PTPRS	down	0.6
CACHD1	down	0.8
FAM126A	down	0.6
LINC01085	down	0.8
TSPAN9	down	0.8
CALB2	down	0.8
EMP1	down	0.6
CYP1B1	down	0.6
CYBRD1	down	0.6
SH3PXD2A	down	0.6
AKR7A2	down	0.6
DIAPH2	down	0.6
EXOC5	down	0.6
EBNA1BP2	down	0.6
RBPJ	down	0.8
DNASE1L1	down	0.8
GALNT16	down	0.6
CEBPG	down	0.6
LRRC37A4P	down	0.6
LY96	down	0.6
SCAF8	down	0.6
G2E3	down	0.6
ADAMTS6	down	0.6
VGLL3	down	0.6
HLA-DPB1	down	0.6
MYPN	down	0.6
EHBP1	down	0.6
GANAB	down	0.6
ASMTL	down	0.6
SF3B3	down	0.6
KITLG	down	0.6
CYLD	down	0.6
PITPNC1	down	0.6
LPHN2	down	0.8
KCNS3	down	0.6
HDAC2	down	0.6
AMOT	down	0.6
XRN1	down	0.6
DCLK2	down	0.6
DMXL1	down	0.6
NLGN1	down	0.6
AHNAK2	down	0.6
DMKN	down	0.6
STARD5	down	0.6
KIRREL3	down	0.6
NOL8	down	0.6
SEMA3F	down	0.8
DOK5	down	0.8
CDC42EP2	down	0.8
COPS6	down	0.6
NF1	down	0.6
NBEA	down	0.6
FOXP1	down	0.6
ZKSCAN8	down	0.8
COL6A2	down	0.8
BDNF-AS	down	0.8
KIFC1	down	0.6
C10orf118	down	0.6
NEDD4L	down	0.6
HIPK3	down	0.8
MYH9	down	0.6
NBL1	down	0.8
LINC00856	down	0.8
FOXF2	down	0.8
LTN1	down	0.6
SMARCA1	down	0.6
SUN1	down	0.8
SLC16A6	down	0.6
SMN2	down	0.6
PHF6	down	0.6
C14orf37	down	0.6
CD44	down	0.6
TNFAIP2	down	0.6
NAPEPLD	down	0.8
EGR1	down	0.8
ZSCAN31	down	0.8
PDCD1LG2	down	0.6
CAPG	down	0.6
CACNA1C	down	0.6
SMS	down	0.6
SLC12A6	down	0.6
OSTM1	down	0.6
PRKDC	down	0.6
ARHGAP17	down	0.6
MAN2A1	down	0.6
IKZF2	down	0.8
LTBP2	down	0.8
SERPINE2	down	0.6
LGR4	down	0.6
NUAK2	down	0.6
TEC	down	0.6
BDP1	down	0.6
SYT1	down	0.6
FAM86FP	down	0.6
ATM	down	0.8
CRYAB	down	0.8
NOV	down	0.8
MICAL3	down	0.6
EYA4	down	0.6
TM4SF4	down	0.6
TAOK1	down	0.6
RSL24D1	down	0.6
CCDC117	down	0.6
ELOVL2	down	0.6
WDFY3-AS2	down	0.8
FAM64A	down	0.8
TMEM170B	down	0.6
ORC1	down	0.6
TCEA1	down	0.6
PCMTD1	down	0.8
EHF	down	0.8
KIAA1551	down	0.8
NMT2	down	0.8
ECT2	down	0.6
DENND4C	down	0.6
BAZ2B	down	0.6
STAM2	down	0.8
MCF2L	down	0.8
ARFGEF1	down	0.6
AFAP1	down	0.6
AKAP11	down	0.6
IRAK2	down	0.6
BUB1B	down	0.6
UCK2	down	0.6
NEU1	down	0.8
PLK1	down	0.8
STK17B	down	0.6
POP1	down	0.6
MED13L	down	0.8
SULF2	down	0.8
DMC1	down	0.6
WNT5B	down	0.6
ZC2HC1A	down	0.8
KREMEN1	down	0.8
HMGA1	down	0.8
NXPH4	down	0.6
ACPP	down	0.8
RP5-894A10.6	down	0.4
SLC47A1	down	0.8
GALM	down	0.8
PRICKLE1	down	0.6
CDC25B	down	0.6
ACOT12	down	0.6
CXCL1	down	0.8
EVC	down	0.8
NTSR1	down	0.8
ATP2A3	down	0.8
LBH	down	0.8
ASPM	down	0.8
SH2B3	down	0.6
PCK2	down	0.6
GCNT4	down	0.6
VSTM4	down	0.8
CLMP	down	0.8
AARS	down	0.6
ANP32E	down	0.8
TMEM171	down	0.8
IER3	down	0.8
CARD16	down	0.6
ITPR3	down	0.8
TMEM158	down	0.8
CLSTN2	down	0.8
AFAP1-AS1	down	0.8
SKA1	down	0.6
WDR18	down	0.6
TGM2	down	0.6
